Sample ID,Name_InPheno,Name_InGeno,Chosen Reason,Plate,Location,Region,ParentSL-SF-13-MG-1,SL18-SF-13-MG1,SL18-SF-13-MG1,Biomass,3,SF,GOM,SL18-SF-13SL-OI-2-MG-2,SL18-OI-2-MG2,SL18-OI-2-MG2,Diversity,3,OI,GOM,SL18-OI-2SL-OI-4-MG-3,SL18-OI-4-MG3,SL18-OI-4-MG3,Biomass,3,OI,GOM,SL18-OI-4SL-OI-11-MG-4,SL18-OI-11-MG4,SL18-OI-11-MG4,Diversity,3,OI,GOM,SL18-OI-11SL-OI-14-MG-1,SL18-OI-14-MG1,SL18-OI-14-MG1,Diversity,3,OI,GOM,SL18-OI-14SL-OI-16-MG-2,SL18-OI-16-MG2,SL18-OI-16-MG2,Diversity,3,OI,GOM,SL18-OI-16SL-OI-17-MG-1,SL18-OI-17-MG1,SL18-OI-17-MG1,Diversity,3,OI,GOM,SL18-OI-17SL-FW-2-MG-2,SL18-FW-2-MG2,SL18-FW-2-MG2,Diversity,3,FW,SNE,SL18-FW-2SL-PI-1-MG-1,SL18-PI-1-MG1,SL18-PI-1-MG1,Diversity,3,PI,SNE,SL18-PI-1SL-PI-1-MG-2,SL18-PI-1-MG2,SL18-PI-1-MG2,Diversity,3,PI,SNE,SL18-PI-1SL-PI-1-MG-4,SL18-PI-1-MG4,SL18-PI-1-MG4,Diversity,3,PI,SNE,SL18-PI-1SL-CC-4-MG-11,SL18-CC-4-MG11,SL18-CC-4-MG11,Diversity,3,CC,GOM,SL18-CC-4SL-CC-6-MG-11,SL18-CC-6-MG11,SL18-CC-6-MG11,Biomass,3,CC,GOM,SL18-CC-6SL-CC-7-MG-1,SL18-CC-7-MG1,SL18-CC-7-MG1,Biomass,3,CC,GOM,SL18-CC-7SA-CB-1-MG-13,SA18-CB-1-MG13,SA18-CB-1-MG13,Biomass,3,CB,GOM,SA18-CB-1SA-CB-3-MG-1,SA18-CB-3-MG1,SA18-CB-3-MG1,Biomass,3,CB,GOM,SA18-CB-3SA-CB-4-MG-2,SA18-CB-4-MG2,SA18-CB-4-MG2,Diversity,3,CB,GOM,SA18-CB-4SA-CB-7-MG-3,SA18-CB-7-MG3,SA18-CB-7-MG3,Diversity,3,CB,GOM,SA18-CB-7SA-CB-10-MG-3,SA18-CB-10-MG3,SA18-CB-10-MG3,Diversity,3,CB,GOM,SA18-CB-10SL-JS-5-MG-2,SL18-JS-5-MG2,SL18-JS-5-MG2,Diversity,3,JS,GOM,SL18-JS-5SL-JS-6-MG-1,SL18-JS-6-MG1,SL18-JS-6-MG1,Diversity,3,JS,GOM,SL18-JS-6SL-JS-6-MG-2,SL18-JS-6-MG2,SL18-JS-6-MG2,Diversity,3,JS,GOM,SL18-JS-6SL-JS-9-MG-2,SL18-JS-9-MG2,SL18-JS-9-MG2,Diversity,3,JS,GOM,SL18-JS-9SL-JS-11-MG-3,SL18-JS-11-MG3,SL18-JS-11-MG3,Diversity,3,JS,GOM,SL18-JS-11SL-JS-19-MG-1,SL18-JS-19-MG1,SL18-JS-19-MG1,Diversity,3,JS,GOM,SL18-JS-19SL-NC-1-MG-1,SL18-NC-1-MG1,SL18-NC-1-MG1,Biomass,3,NC,GOM,SL18-NC-1SL-NC-2-MG-1,SL18-NC-2-MG1,SL18-NC-2-MG1,Diversity,3,NC,GOM,SL18-NC-2SL-NC-9-MG-2,SL18-NC-9-MG2,SL18-NC-9-MG2,Diversity,3,NC,GOM,SL18-NC-9SL-NC-11-MG-2,SL18-NC-11-MG2,SL18-NC-11-MG2,Biomass,3,NC,GOM,SL18-NC-11SL-NC-12-MG-1,SL18-NC-12-MG1,SL18-NC-12-MG1,Biomass,3,NC,GOM,SL18-NC-12SL-NL-3-MG-1,SL18-NL-3-MG1,SL18-NL-3-MG1,Diversity,3,NL,GOM,SL18-NL-3SL-NL-5-MG-1,SL18-NL-5-MG1,SL18-NL-5-MG1,Biomass,3,NL,GOM,SL18-NL-5SL-TI-1-MG-2,SL18-TI-1-MG2,SL18-TI-1-MG2,Diversity,3,TI,SNE,SL18-TI-1SL-TI-2-MG-3,SL18-TI-2-MG3,SL18-TI-2-MG3,Diversity,3,TI,SNE,SL18-TI-2SL-TI-3-MG-11,SL18-TI-3-MG11,SL18-TI-3-MG11,Biomass,3,TI,SNE,SL18-TI-3SL-TI-4-MG-1,SL18-TI-4-MG1,SL18-TI-4-MG1,Biomass,3,TI,SNE,SL18-TI-4SL-TI-4-MG-3,SL18-TI-4-MG3,SL18-TI-4-MG3,Diversity,3,TI,SNE,SL18-TI-4SL-BL-10-MG-2,SL18-BL-10-MG2,SL18-BL-10-MG2,Diversity,3,BL,SNE,SL18-BL-10SL-BL-11-MG-4,SL18-BL-11-MG4,SL18-BL-11-MG4,Diversity,3,BL,SNE,SL18-BL-11SL-BL-12-MG-1,SL18-BL-12-MG1,SL18-BL-12-MG1,Biomass,3,BL,SNE,SL18-BL-12SL-BL-12-MG-3,SL18-BL-12-MG3,SL18-BL-12-MG3,Biomass,3,BL,SNE,SL18-BL-12SL-BL-17-MG-3,SL18-BL-17-MG3,SL18-BL-17-MG3,Biomass,3,BL,SNE,SL18-BL-17SL-OD-3-MG-3,SL18-OD-3-MG3,SL18-OD-3-MG3,Diversity,3,OD,GOM,SL18-OD-3SL-OD-5-MG-2,SL18-OD-5-MG2,SL18-OD-5-MG2,Diversity,3,OD,GOM,SL18-OD-5SL-OD-6-MG-2,SL18-OD-6-MG2,SL18-OD-6-MG2,Diversity,3,OD,GOM,SL18-OD-6SL-OD-6-MG-3,SL18-OD-6-MG3,SL18-OD-6-MG3,Diversity,3,OD,GOM,SL18-OD-6SL-OD-10-MG-3,SL18-OD-10-MG3,SL18-OD-10-MG3,Diversity,3,OD,GOM,SL18-OD-10SL-OI-6-FG-2,SL18-OI-6-FG2,SL18-OI-6-FG2,Biomass,3,OI,GOM,SL18-OI-6SL-FW-14-FG-2,SL18-FW-14-FG2,SL18-FW-14-FG2,Biomass,3,FW,SNE,SL18-FW-14SL-FW-14-FG-11,SL18-FW-14-FG11,SL18-FW-14-FG11,Diversity,3,FW,SNE,SL18-FW-14SL-FW-14-FG-12,SL18-FW-14-FG12,SL18-FW-14-FG12,Biomass,3,FW,SNE,SL18-FW-14SL-FI-1-FG-3,SL18-FI-1-FG3,SL18-FI-1-FG3,Diversity,3,FI,SNE,SL18-FI-1SL-FI-1-FG-13,SL18-FI-1-FG13,SL18-FI-1-FG13,Diversity,3,FI,SNE,SL18-FI-1SL-PI-1-FG-1,SL18-PI-1-FG1,SL18-PI-1-FG1,Diversity,3,PI,SNE,SL18-PI-1SL-PI-1-FG-3,SL18-PI-1-FG3,SL18-PI-1-FG3,Diversity,3,PI,SNE,SL18-PI-1SL-CC-3-FG-1,SL18-CC-3-FG1,SL18-CC-3-FG1,Diversity,3,CC,GOM,SL18-CC-3SL-CC-3-FG-2,SL18-CC-3-FG2,SL18-CC-3-FG2,Diversity,3,CC,GOM,SL18-CC-3SL-CC-3-FG-3,SL18-CC-3-FG3,SL18-CC-3-FG3,Diversity,3,CC,GOM,SL18-CC-3SL-CC-5-FG-2,SL18-CC-5-FG2,SL18-CC-5-FG2,Diversity,3,CC,GOM,SL18-CC-5SL-CC-5-FG-3,SL18-CC-5-FG3,SL18-CC-5-FG3,Diversity,3,CC,GOM,SL18-CC-5SL-CC-8-FG-1,SL18-CC-8-FG1,SL18-CC-8-FG1,Diversity,3,CC,GOM,SL18-CC-8SL-CC-12-FG-2,SL18-CC-12-FG2,SL18-CC-12-FG2,Diversity,3,CC,GOM,SL18-CC-12SL-CC-12-FG-3,SL18-CC-12-FG3,SL18-CC-12-FG3,Diversity,3,CC,GOM,SL18-CC-12SA-CB-2-FG-3,SA18-CB-2-FG3,SA18-CB-2-FG3,Diversity,3,CB,GOM,SA18-CB-2SA-CB-4-FG-6,SA18-CB-4-FG6,SA18-CB-4-FG6,Diversity,3,CB,GOM,SA18-CB-4SL-JS-6-FG-3,SL18-JS-6-FG3,SL18-JS-6-FG3,Diversity,3,JS,GOM,SL18-JS-6SL-JS-9-FG-2,SL18-JS-9-FG2,SL18-JS-9-FG2,Biomass,3,JS,GOM,SL18-JS-9SL-JS-9-FG-3,SL18-JS-9-FG3,SL18-JS-9-FG3,Biomass,3,JS,GOM,SL18-JS-9SL-JS-16-FG-3,SL18-JS-16-FG3,SL18-JS-16-FG3,Diversity,3,JS,GOM,SL18-JS-16SL-JS-19-FG-3,SL18-JS-19-FG3,SL18-JS-19-FG3,Biomass,3,JS,GOM,SL18-JS-19SL-NC-10-FG-1,SL18-NC-10-FG1,SL18-NC-10-FG1,Biomass,3,NC,GOM,SL18-NC-10SL-NC-10-FG-3,SL18-NC-10-FG3,SL18-NC-10-FG3,Diversity,3,NC,GOM,SL18-NC-10SL-NC-15-FG-3,SL18-NC-15-FG3,SL18-NC-15-FG3,Diversity,3,NC,GOM,SL18-NC-15SL-NL-2-FG-2,SL18-NL-2-FG2,SL18-NL-2-FG2,Diversity,3,NL,GOM,SL18-NL-2SL-NL-5-FG-1,SL18-NL-5-FG1,SL18-NL-5-FG1,Diversity,3,NL,GOM,SL18-NL-5SL-NL-6-FG-2,SL18-NL-6-FG2,SL18-NL-6-FG2,Diversity,3,NL,GOM,SL18-NL-6SL-NL-7-FG-3,SL18-NL-7-FG3,SL18-NL-7-FG3,Diversity,3,NL,GOM,SL18-NL-7SL-NL-7-FG-4,SL18-NL-7-FG4,SL18-NL-7-FG4,Diversity,3,NL,GOM,SL18-NL-7SL-NL-10-FG-1,SL18-NL-10-FG1,SL18-NL-10-FG1,Diversity,3,NL,GOM,SL18-NL-10SL-TI-4-FG-3,SL18-TI-4-FG3,SL18-TI-4-FG3,Diversity,3,TI,SNE,SL18-TI-4SL-BL-18-FG-10,SL18-BL-18-FG10,SL18-BL-18-FG10,Diversity,3,BL,SNE,SL18-BL-18SL-OD-5-FG-1,SL18-OD-5-FG1,SL18-OD-5-FG1,Diversity,3,OD,GOM,SL18-OD-5SL-JS-5-MG-3,SL18-JS-5-MG3,SL18-JS-5-MG3,Biomass,3,JS,GOM,SL18-JS-5SL-JS-6-MG-3,SL18-JS-6-MG3,SL18-JS-6-MG3,Biomass,3,JS,GOM,SL18-JS-6SL-CC-1-FG-1,SL18-CC-1-FG1,SL18-CC-1-FG1,Biomass,3,CC,GOM,SL18-CC-1SA-CB-1-MG-12,SA18-CB-1-MG12,SA18-CB-1-MG12,Biomass,3,CB,GOM,SA18-CB-1SL-NL-7-MG-1,SL18-NL-7-MG1,SL18-NL-7-MG1,Biomass,3,NL,GOM,SL18-NL-7LIS-F1-3,LIS-F1-3,3,Checks,3,Check,Check,CheckSL-CT1-FG-3,SL18-CT1-FG3,SL18-CT1-FG3,Checks,3,Check,Check,CheckSL-CT1-MG-2,SL18-CT1-MG2,SL18-CT1-MG2,Checks,3,Check,Check,CheckSL-CT1-MG-3,SL18-CT1-MG3,SL18-CT1-MG3,Checks,3,Check,Check,CheckSL-OI-15-Female,SL18-OI-15-FG,SL18-OI-15-Female,Checks,3,Check,Check,SL18-OI-15SL-ME-1-FG-1,SL18-ME-1-FG1,SL18-ME-1-FG1,Checks,3,Check,Check,CheckSL-ME-1-MG-1,SL18-ME-1-MG1,SL18-ME-1-MG1,Checks,3,Check,Check,CheckSL-ME-1-MG-2,SL18-ME-1-MG2,SL18-ME-1-MG2,Checks,3,Check,Check,CheckSA-CB-1-MG-2,SA18-CB-1-MG2,SA18-CB-1-MG2,1_2_plates,1_2,CB,GOM,SA18-CB-1SL-FW-21-MG-1,SL18-FW-21-MG1,SL18-FW-21-MG1,1_2_plates,1_2,FW,SNE,SL18-FW-21SL-SF-17-MG-1,SL18-SF-17-MG1,SL18-SF-17-MG1,1_2_plates,1_2,SF,GOM,SL18-SF-17SL-FI-2-FG-11,SL18-FI-2-FG11,SL18-FI-2-FG11,1_2_plates,1_2,FI,SNE,SL18-FI-2SL-LD-3-FG-2,SL18-LD-3-FG2,SL18-LD-3-FG2,1_2_plates,1_2,LD,GOM,SL18-LD-3SA-CB-10-MG-1,SA18-CB-10-MG1,SA18-CB-10-MG1,1_2_plates,1_2,CB,GOM,SA18-CB-10SL-CC-6-MG-2,SL18-CC-6-MG2,SL18-CC-6-MG2,1_2_plates,1_2,CC,GOM,SL18-CC-6SL-LD-1-MG-1,SL18-LD-1-MG1,SL18-LD-1-MG1,1_2_plates,1_2,LD,GOM,SL18-LD-1SA-CB-2-MG-1,SA18-CB-2-MG1,SA18-CB-2-MG1,1_2_plates,1_2,CB,GOM,SA18-CB-2SL-LL-9-MG-3,SL18-LL-9-MG3,SL18-LL-9-MG3,1_2_plates,1_2,LL,GOM,SL18-LL-9SL-SF-17-MG-2,SL18-SF-17-MG2,SL18-SF-17-MG2,1_2_plates,1_2,SF,GOM,SL18-SF-17SL-FI-2-FG-12,SL18-FI-2-FG12,SL18-FI-2-FG12,1_2_plates,1_2,FI,SNE,SL18-FI-2SL-LD-3-FG-3,SL18-LD-3-FG3,SL18-LD-3-FG3,1_2_plates,1_2,LD,GOM,SL18-LD-3SA-CB-3-MG-2,SA18-CB-3-MG2,SA18-CB-3-MG2,1_2_plates,1_2,CB,GOM,SA18-CB-3SL-CC-7-MG-2,SL18-CC-7-MG2,SL18-CC-7-MG2,1_2_plates,1_2,CC,GOM,SL18-CC-7SL-LD-2-MG-1,SL18-LD-2-MG1,SL18-LD-2-MG1,1_2_plates,1_2,LD,GOM,SL18-LD-2SA-CB-2-MG-2,SA18-CB-2-MG2,SA18-CB-2-MG2,1_2_plates,1_2,CB,GOM,SA18-CB-2SL-FI-1-MG-2,SL18-FI-1-MG2,SL18-FI-1-MG2,1_2_plates,1_2,FI,SNE,SL18-FI-1SL-SF-17-MG-3,SL18-SF-17-MG3,SL18-SF-17-MG3,1_2_plates,1_2,SF,GOM,SL18-SF-17SL-JS-11-FG-4,SL18-JS-11-FG4,SL18-JS-11-FG4,1_2_plates,1_2,JS,GOM,SL18-JS-11SL-LD-4-FG-3,SL18-LD-4-FG3,SL18-LD-4-FG3,1_2_plates,1_2,LD,GOM,SL18-LD-4SA-CB-3-MG-3,SA18-CB-3-MG3,SA18-CB-3-MG3,1_2_plates,1_2,CB,GOM,SA18-CB-3SL-FW-12-MG-10,SL18-FW-12-MG10,SL18-FW-12-MG10,1_2_plates,1_2,FW,SNE,SL18-FW-12SL-LD-2-MG-2,SL18-LD-2-MG2,SL18-LD-2-MG2,1_2_plates,1_2,LD,GOM,SL18-LD-2SL-BL-14-MG-1,SL18-BL-14-MG1,SL18-BL-14-MG1,1_2_plates,1_2,BL,SNE,SL18-BL-14SL-FI-1-MG-10,SL18-FI-1-MG10,SL18-FI-1-MG10,1_2_plates,1_2,FI,SNE,SL18-FI-1SL-SF-19-MG-1,SL18-SF-19-MG1,SL18-SF-19-MG1,1_2_plates,1_2,SF,GOM,SL18-SF-19SL-JS-19-FG-2,SL18-JS-19-FG2,SL18-JS-19-FG2,1_2_plates,1_2,JS,GOM,SL18-JS-19SL-LD-5-FG-2,SL18-LD-5-FG2,SL18-LD-5-FG2,1_2_plates,1_2,LD,GOM,SL18-LD-5SA-CB-4-MG-1,SA18-CB-4-MG1,SA18-CB-4-MG1,1_2_plates,1_2,CB,GOM,SA18-CB-4SL-FW-21-MG-2,SL18-FW-21-MG2,SL18-FW-21-MG2,1_2_plates,1_2,FW,SNE,SL18-FW-21SL-LD-9-MG-2,SL18-LD-9-MG2,SL18-LD-9-MG2,1_2_plates,1_2,LD,GOM,SL18-LD-9SL-BL-16-MG-2,SL18-BL-16-MG2,SL18-BL-16-MG2,1_2_plates,1_2,BL,SNE,SL18-BL-16SL-FI-2-MG-1,SL18-FI-2-MG1,SL18-FI-2-MG1,1_2_plates,1_2,FI,SNE,SL18-FI-2SL-SF-19-MG-2,SL18-SF-19-MG2,SL18-SF-19-MG2,1_2_plates,1_2,SF,GOM,SL18-SF-19SL-LD-10-FG-1,SL18-LD-10-FG1,SL18-LD-10-FG1,1_2_plates,1_2,LD,GOM,SL18-LD-10SL-LD-9-FG-2,SL18-LD-9-FG2,SL18-LD-9-FG2,1_2_plates,1_2,LD,GOM,SL18-LD-9SA-CB-4-MG-3,SA18-CB-4-MG3,SA18-CB-4-MG3,1_2_plates,1_2,CB,GOM,SA18-CB-4SL-FW-12-MG-2,SL18-FW-12-MG2,SL18-FW-12-MG2,1_2_plates,1_2,FW,SNE,SL18-FW-12SL-LD-9-MG-1,SL18-LD-9-MG1,SL18-LD-9-MG1,1_2_plates,1_2,LD,GOM,SL18-LD-9SL-BL-17-MG-2,SL18-BL-17-MG2,SL18-BL-17-MG2,1_2_plates,1_2,BL,SNE,SL18-BL-17SL-NL-2-MG-2,SL18-NL-2-MG2,SL18-NL-2-MG2,1_2_plates,1_2,NL,GOM,SL18-NL-2SA-CB-4-FG-3,SA18-CB-4-FG3,SA18-CB-4-FG3,1_2_plates,1_2,CB,GOM,SA18-CB-4SL-LD-10-FG-2,SL18-LD-10-FG2,SL18-LD-10-FG2,1_2_plates,1_2,LD,GOM,SL18-LD-10SL-LD-9-FG-3,SL18-LD-9-FG3,SL18-LD-9-FG3,1_2_plates,1_2,LD,GOM,SL18-LD-9SA-CB-5-MG-3,SA18-CB-5-MG3,SA18-CB-5-MG3,1_2_plates,1_2,CB,GOM,SA18-CB-5SL-JS-11-MG-2,SL18-JS-11-MG2,SL18-JS-11-MG2,1_2_plates,1_2,JS,GOM,SL18-JS-11SL-LL-9-MG-4,SL18-LL-9-MG4,SL18-LL-9-MG4,1_2_plates,1_2,LL,GOM,SL18-LL-9SL-BL-18-MG-3,SL18-BL-18-MG3,SL18-BL-18-MG3,1_2_plates,1_2,BL,SNE,SL18-BL-18SL-OD-3-MG-2,SL18-OD-3-MG2,SL18-OD-3-MG2,1_2_plates,1_2,OD,GOM,SL18-OD-3SA-CB-5-FG-1,SA18-CB-5-FG1,SA18-CB-5-FG1,1_2_plates,1_2,CB,GOM,SA18-CB-5SA-CB-7-FG-3,SA18-CB-7-FG3,SA18-CB-7-FG3,1_2_plates,1_2,CB,GOM,SA18-CB-7SL-LL-9-FG-3,SL18-LL-9-FG3,SL18-LL-9-FG3,1_2_plates,1_2,LL,GOM,SL18-LL-9SA-CB-7-MG-1,SA18-CB-7-MG1,SA18-CB-7-MG1,1_2_plates,1_2,CB,GOM,SA18-CB-7SL-JS-16-MG-2,SL18-JS-16-MG2,SL18-JS-16-MG2,1_2_plates,1_2,JS,GOM,SL18-JS-16SL-NC-10-MG-3,SL18-NC-10-MG3,SL18-NC-10-MG3,1_2_plates,1_2,NC,GOM,SL18-NC-10SL-CC-8-MG-3,SL18-CC-8-MG3,SL18-CC-8-MG3,1_2_plates,1_2,CC,GOM,SL18-CC-8SL-OI-11-MG-2,SL18-OI-11-MG2,SL18-OI-11-MG2,1_2_plates,1_2,OI,GOM,SL18-OI-11SA-CB-5-FG-5,SA18-CB-5-FG5,SA18-CB-5-FG5,1_2_plates,1_2,CB,GOM,SA18-CB-5SL-LD-10-FG-3,SL18-LD-10-FG3,SL18-LD-10-FG3,1_2_plates,1_2,LD,GOM,SL18-LD-10SL-NL-10-FG-2,SL18-NL-10-FG2,SL18-NL-10-FG2,1_2_plates,1_2,NL,GOM,SL18-NL-10SA-CB-7-MG-2,SA18-CB-7-MG2,SA18-CB-7-MG2,1_2_plates,1_2,CB,GOM,SA18-CB-7SL-JS-19-MG-2,SL18-JS-19-MG2,SL18-JS-19-MG2,1_2_plates,1_2,JS,GOM,SL18-JS-19SL-NC-11-MG-3,SL18-NC-11-MG3,SL18-NC-11-MG3,1_2_plates,1_2,NC,GOM,SL18-NC-11SL-CC-9-MG-4,SL18-CC-9-MG4,SL18-CC-9-MG4,1_2_plates,1_2,CC,GOM,SL18-CC-9SL-OI-14-MG-2,SL18-OI-14-MG2,SL18-OI-14-MG2,1_2_plates,1_2,OI,GOM,SL18-OI-14SL-BL-10-FG-2,SL18-BL-10-FG2,SL18-BL-10-FG2,1_2_plates,1_2,BL,SNE,SL18-BL-10SL-LD-1-FG-1,SL18-LD-1-FG1,SL18-LD-1-FG1,1_2_plates,1_2,LD,GOM,SL18-LD-1SL-BL-10-MG-1,SL18-BL-10-MG1,SL18-BL-10-MG1,1_2_plates,1_2,BL,SNE,SL18-BL-10SL-JS-9-MG-1,SL18-JS-9-MG1,SL18-JS-9-MG1,1_2_plates,1_2,JS,GOM,SL18-JS-9SL-NC-15-MG-1,SL18-NC-15-MG1,SL18-NC-15-MG1,1_2_plates,1_2,NC,GOM,SL18-NC-15SL-LD-2-MG-3,SL18-LD-2-MG3,SL18-LD-2-MG3,1_2_plates,1_2,LD,GOM,SL18-LD-2SL-OI-15-MG-1,SL18-OI-15-MG1,SL18-OI-15-MG1,1_2_plates,1_2,OI,GOM,SL18-OI-15SL-BL-15-FG-1,SL18-BL-15-FG1,SL18-BL-15-FG1,1_2_plates,1_2,BL,SNE,SL18-BL-15SL-LD-1-FG-2,SL18-LD-1-FG2,SL18-LD-1-FG2,1_2_plates,1_2,LD,GOM,SL18-LD-1SL-NL-9-FG-2,SL18-NL-9-FG2,SL18-NL-9-FG2,1_2_plates,1_2,NL,GOM,SL18-NL-9SL-BL-12-MG-2,SL18-BL-12-MG2,SL18-BL-12-MG2,1_2_plates,1_2,BL,SNE,SL18-BL-12SL-NC-15-MG-4,SL18-NC-15-MG4,SL18-NC-15-MG4,1_2_plates,1_2,NC,GOM,SL18-NC-15SL-LD-13-MG-2,SL18-LD-13-MG2,SL18-LD-13-MG2,1_2_plates,1_2,LD,GOM,SL18-LD-13SL-SF-13-MG-3,SL18-SF-13-MG3,SL18-SF-13-MG3,1_2_plates,1_2,SF,GOM,SL18-SF-13SL-BL-16-FG-3,SL18-BL-16-FG3,SL18-BL-16-FG3,1_2_plates,1_2,BL,SNE,SL18-BL-16SL-LD-2-FG-2,SL18-LD-2-FG2,SL18-LD-2-FG2,1_2_plates,1_2,LD,GOM,SL18-LD-2SL-SF-13-FG-1,SL18-SF-13-FG1,SL18-SF-13-FG1,1_2_plates,1_2,SF,GOM,SL18-SF-13SL-CC-1-MG-3,SL18-CC-1-MG3,SL18-CC-1-MG3,1_2_plates,1_2,CC,GOM,SL18-CC-1SL-LD-1-MG-3,SL18-LD-1-MG3,SL18-LD-1-MG3,1_2_plates,1_2,LD,GOM,SL18-LD-1SL-NL-10-MG-2,SL18-NL-10-MG2,SL18-NL-10-MG2,1_2_plates,1_2,NL,GOM,SL18-NL-10SL-FW-12-MG-11,SL18-FW-12-MG11,SL18-FW-12-MG11,1_2_plates,1_2,FW,SNE,SL18-FW-12SL-SF-15-MG-2,SL18-SF-15-MG2,SL18-SF-15-MG2,1_2_plates,1_2,SF,GOM,SL18-SF-15SL-CC-2-FG-1,SL18-CC-2-FG1,SL18-CC-2-FG1,1_2_plates,1_2,CC,GOM,SL18-CC-2SL-LD-3-FG-1,SL18-LD-3-FG1,SL18-LD-3-FG1,1_2_plates,1_2,LD,GOM,SL18-LD-3SL-SF-18-FG-1,SL18-SF-18-FG1,SL18-SF-18-FG1,1_2_plates,1_2,SF,GOM,SL18-SF-18SL-CC-3-MG-1,SL18-CC-3-MG1,SL18-CC-3-MG1,1_2_plates,1_2,CC,GOM,SL18-CC-3SL-LD-13-MG-3,SL18-LD-13-MG3,SL18-LD-13-MG3,1_2_plates,1_2,LD,GOM,SL18-LD-13SL-NL-2-MG-1,SL18-NL-2-MG1,SL18-NL-2-MG1,1_2_plates,1_2,NL,GOM,SL18-NL-2SA-CB-2-MG-3,SA18-CB-2-MG3,SA18-CB-2-MG3,1_2_plates,1_2,CB,GOM,SA18-CB-2SA-CB-9-FG-1,SA18-CB-9-FG1,SA18-CB-9-FG1,1_2_plates,1_2,CB,GOM,SA18-CB-9SA-CB-7-FG-1,SA18-CB-7-FG1,SA18-CB-7-FG1,1_2_plates,1_2,CB,GOM,SA18-CB-7SL-BL-11-FG-1,SL18-BL-11-FG1,SL18-BL-11-FG1,1_2_plates,1_2,BL,SNE,SL18-BL-11SL-BL-13-MG-1,SL18-BL-13-MG1,SL18-BL-13-MG1,1_2_plates,1_2,BL,SNE,SL18-BL-13SL-BL-14-FG-3,SL18-BL-14-FG3,SL18-BL-14-FG3,1_2_plates,1_2,BL,SNE,SL18-BL-14SL-BL-17-FG-3,SL18-BL-17-FG3,SL18-BL-17-FG3,1_2_plates,1_2,BL,SNE,SL18-BL-17SL-CC-1-FG-2,SL18-CC-1-FG2,SL18-CC-1-FG2,1_2_plates,1_2,CC,GOM,SL18-CC-1SL-CC-5-FG-1,SL18-CC-5-FG1,SL18-CC-5-FG1,1_2_plates,1_2,CC,GOM,SL18-CC-5SL-CC-6-FG-3,SL18-CC-6-FG3,SL18-CC-6-FG3,1_2_plates,1_2,CC,GOM,SL18-CC-6SL-CC-9-FG-1,SL18-CC-9-FG1,SL18-CC-9-FG1,1_2_plates,1_2,CC,GOM,SL18-CC-9SL-FI-1-FG-10,SL18-FI-1-FG10,SL18-FI-1-FG10,1_2_plates,1_2,FI,SNE,SL18-FI-1SL-FI-1-FG-11,SL18-FI-1-FG11,SL18-FI-1-FG11,1_2_plates,1_2,FI,SNE,SL18-FI-1SL-FI-1-FG-12,SL18-FI-1-FG12,SL18-FI-1-FG12,1_2_plates,1_2,FI,SNE,SL18-FI-1SL-FI-2-FG-10,SL18-FI-2-FG10,SL18-FI-2-FG10,1_2_plates,1_2,FI,SNE,SL18-FI-2SL-FW-12-FG-10,SL18-FW-12-FG10,SL18-FW-12-FG10,1_2_plates,1_2,FW,SNE,SL18-FW-12SL-FW-14-FG-13,SL18-FW-14-FG13,SL18-FW-14-FG13,1_2_plates,1_2,FW,SNE,SL18-FW-14SL-FW-2-MG-1,SL18-FW-2-MG1,SL18-FW-2-MG1,1_2_plates,1_2,FW,SNE,SL18-FW-2SL-JS-16-FG-1,SL18-JS-16-FG1,SL18-JS-16-FG1,1_2_plates,1_2,JS,GOM,SL18-JS-16SL-JS-5-FG-1,SL18-JS-5-FG1,SL18-JS-5-FG1,1_2_plates,1_2,JS,GOM,SL18-JS-5SL-JS-5-MG-1,SL18-JS-5-MG1,SL18-JS-5-MG1,1_2_plates,1_2,JS,GOM,SL18-JS-5SL-LD-13-FG-2,SL18-LD-13-FG2,SL18-LD-13-FG2,1_2_plates,1_2,LD,GOM,SL18-LD-13SL-LD-13-FG-1,SL18-LD-13-FG1,SL18-LD-13-FG1,1_2_plates,1_2,LD,GOM,SL18-LD-13SL-LD-2-FG-3,SL18-LD-2-FG3,SL18-LD-2-FG3,1_2_plates,1_2,LD,GOM,SL18-LD-2SL-LD-9-FG-1,SL18-LD-9-FG1,SL18-LD-9-FG1,1_2_plates,1_2,LD,GOM,SL18-LD-9SL-LD-3-MG-2,SL18-LD-3-MG2,SL18-LD-3-MG2,1_2_plates,1_2,LD,GOM,SL18-LD-3SL-LL-9-FG-2,SL18-LL-9-FG2,SL18-LL-9-FG2,1_2_plates,1_2,LL,GOM,SL18-LL-9SL-TI-3-MG-2,SL18-TI-3-MG2,SL18-TI-3-MG2,1_2_plates,1_2,TI,SNE,SL18-TI-3SL-LL-9-FG-1,SL18-LL-9-FG1,SL18-LL-9-FG1,1_2_plates,1_2,LL,GOM,SL18-LL-9SL-NC-12-FG-2,SL18-NC-12-FG2,SL18-NC-12-FG2,1_2_plates,1_2,NC,GOM,SL18-NC-12SL-NC-1-FG-3,SL18-NC-1-FG3,SL18-NC-1-FG3,1_2_plates,1_2,NC,GOM,SL18-NC-1SL-NC-5-FG-2,SL18-NC-5-FG2,SL18-NC-5-FG2,1_2_plates,1_2,NC,GOM,SL18-NC-5SL-NC-8-FG-1,SL18-NC-8-FG1,SL18-NC-8-FG1,1_2_plates,1_2,NC,GOM,SL18-NC-8SL-NC-8-FG-2,SL18-NC-8-FG2,SL18-NC-8-FG2,1_2_plates,1_2,NC,GOM,SL18-NC-8SL-NC-10-MG-1,SL18-NC-10-MG1,SL18-NC-10-MG1,1_2_plates,1_2,NC,GOM,SL18-NC-10SL-NC-11-FG-3,SL18-NC-11-FG3,SL18-NC-11-FG3,1_2_plates,1_2,NC,GOM,SL18-NC-11SL-NL-2-FG-1,SL18-NL-2-FG1,SL18-NL-2-FG1,1_2_plates,1_2,NL,GOM,SL18-NL-2SL-NL-2-FG-3,SL18-NL-2-FG3,SL18-NL-2-FG3,1_2_plates,1_2,NL,GOM,SL18-NL-2SL-NL-2-MG-3,SL18-NL-2-MG3,SL18-NL-2-MG3,1_2_plates,1_2,NL,GOM,SL18-NL-2SL-NL-3-FG-1,SL18-NL-3-FG1,SL18-NL-3-FG1,1_2_plates,1_2,NL,GOM,SL18-NL-3SL-NL-3-FG-3,SL18-NL-3-FG3,SL18-NL-3-FG3,1_2_plates,1_2,NL,GOM,SL18-NL-3SL-NL-3-MG-2,SL18-NL-3-MG2,SL18-NL-3-MG2,1_2_plates,1_2,NL,GOM,SL18-NL-3SL-NL-5-MG-2,SL18-NL-5-MG2,SL18-NL-5-MG2,1_2_plates,1_2,NL,GOM,SL18-NL-5SL-NL-6-FG-1,SL18-NL-6-FG1,SL18-NL-6-FG1,1_2_plates,1_2,NL,GOM,SL18-NL-6SL-NL-6-FG-3,SL18-NL-6-FG3,SL18-NL-6-FG3,1_2_plates,1_2,NL,GOM,SL18-NL-6SL-NL-6-MG-1,SL18-NL-6-MG1,SL18-NL-6-MG1,1_2_plates,1_2,NL,GOM,SL18-NL-6SL-NL-7-MG-2,SL18-NL-7-MG2,SL18-NL-7-MG2,1_2_plates,1_2,NL,GOM,SL18-NL-7SL-NL-9-MG-3,SL18-NL-9-MG3,SL18-NL-9-MG3,1_2_plates,1_2,NL,GOM,SL18-NL-9SL-NL-9-MG-1,SL18-NL-9-MG1,SL18-NL-9-MG1,1_2_plates,1_2,NL,GOM,SL18-NL-9SL-NL-6-MG-2,SL18-NL-6-MG2,SL18-NL-6-MG2,1_2_plates,1_2,NL,GOM,SL18-NL-6SL-OD-3-MG-1,SL18-OD-3-MG1,SL18-OD-3-MG1,1_2_plates,1_2,OD,GOM,SL18-OD-3SL-OD-5-MG-1,SL18-OD-5-MG1,SL18-OD-5-MG1,1_2_plates,1_2,OD,GOM,SL18-OD-5SL-OD-6-MG-1,SL18-OD-6-MG1,SL18-OD-6-MG1,1_2_plates,1_2,OD,GOM,SL18-OD-6SL-OI-11-FG-3,SL18-OI-11-FG3,SL18-OI-11-FG3,1_2_plates,1_2,OI,GOM,SL18-OI-11SL-OI-15-FG-1,SL18-OI-15-FG1,SL18-OI-15-FG1,1_2_plates,1_2,OI,GOM,SL18-OI-15SL-OI-15-MG-2,SL18-OI-15-MG2,SL18-OI-15-MG2,1_2_plates,1_2,OI,GOM,SL18-OI-15SL-OI-16-FG-1,SL18-OI-16-FG1,SL18-OI-16-FG1,1_2_plates,1_2,OI,GOM,SL18-OI-16SL-OI-16-FG-3,SL18-OI-16-FG3,SL18-OI-16-FG3,1_2_plates,1_2,OI,GOM,SL18-OI-16SL-OI-16-MG-1,SL18-OI-16-MG1,SL18-OI-16-MG1,1_2_plates,1_2,OI,GOM,SL18-OI-16SL-OI-17-FG-1,SL18-OI-17-FG1,SL18-OI-17-FG1,1_2_plates,1_2,OI,GOM,SL18-OI-17SL-OI-17-FG-4,SL18-OI-17-FG4,SL18-OI-17-FG4,1_2_plates,1_2,OI,GOM,SL18-OI-17SL-OI-18-FG-1,SL18-OI-18-FG1,SL18-OI-18-FG1,1_2_plates,1_2,OI,GOM,SL18-OI-18SL-OI-18-FG-2,SL18-OI-18-FG2,SL18-OI-18-FG2,1_2_plates,1_2,OI,GOM,SL18-OI-18SL-OI-18-MG-1,SL18-OI-18-MG1,SL18-OI-18-MG1,1_2_plates,1_2,OI,GOM,SL18-OI-18SL-OI-2-FG-2,SL18-OI-2-FG2,SL18-OI-2-FG2,1_2_plates,1_2,OI,GOM,SL18-OI-2SL-OI-2-FG-3,SL18-OI-2-FG3,SL18-OI-2-FG3,1_2_plates,1_2,OI,GOM,SL18-OI-2SL-OI-4-FG-3,SL18-OI-4-FG3,SL18-OI-4-FG3,1_2_plates,1_2,OI,GOM,SL18-OI-4SL-OI-4-MG-1,SL18-OI-4-MG1,SL18-OI-4-MG1,1_2_plates,1_2,OI,GOM,SL18-OI-4SL-OI-5-MG-2,SL18-OI-5-MG2,SL18-OI-5-MG2,1_2_plates,1_2,OI,GOM,SL18-OI-5SL-OI-6-FG-1,SL18-OI-6-FG1,SL18-OI-6-FG1,1_2_plates,1_2,OI,GOM,SL18-OI-6SL-OI-6-MG-2,SL18-OI-6-MG2,SL18-OI-6-MG2,1_2_plates,1_2,OI,GOM,SL18-OI-6SL-OI-7-FG-1,SL18-OI-7-FG1,SL18-OI-7-FG1,1_2_plates,1_2,OI,GOM,SL18-OI-7SL-OI-7-MG-1,SL18-OI-7-MG1,SL18-OI-7-MG1,1_2_plates,1_2,OI,GOM,SL18-OI-7SL-OI-9-FG-1,SL18-OI-9-FG1,SL18-OI-9-FG1,1_2_plates,1_2,OI,GOM,SL18-OI-9SL-OI-9-MG-3,SL18-OI-9-MG3,SL18-OI-9-MG3,1_2_plates,1_2,OI,GOM,SL18-OI-9SL-PI-1-FG-10,SL18-PI-1-FG10,SL18-PI-1-FG10,1_2_plates,1_2,PI,SNE,SL18-PI-1SA-CB-10-FG-1,SA18-CB-10-FG1,SA18-CB-10-FG1,1_2_plates,1_2,CB,GOM,SA18-CB-10SL-PI-1-MG-11,SL18-PI-1-MG11,SL18-PI-1-MG11,1_2_plates,1_2,PI,SNE,SL18-PI-1SL-PI-1-MG-3,SL18-PI-1-MG3,SL18-PI-1-MG3,1_2_plates,1_2,PI,SNE,SL18-PI-1SL-SF-13-MG-11,SL18-SF-13-MG11,SL18-SF-13-MG11,1_2_plates,1_2,SF,GOM,SL18-SF-13SA-CB-5-FG-3,SA18-CB-5-FG3,SA18-CB-5-FG3,1_2_plates,1_2,CB,GOM,SA18-CB-5SL-SF-15-MG-1,SL18-SF-15-MG1,SL18-SF-15-MG1,1_2_plates,1_2,SF,GOM,SL18-SF-15SL-SF-17-FG-2,SL18-SF-17-FG2,SL18-SF-17-FG2,1_2_plates,1_2,SF,GOM,SL18-SF-17SL-SF-13-FG-2,SL18-SF-13-FG2,SL18-SF-13-FG2,1_2_plates,1_2,SF,GOM,SL18-SF-13SL-OD-10-FG-2,SL18-OD-10-FG2,SL18-OD-10-FG2,1_2_plates,1_2,OD,GOM,SL18-OD-10SL-TI-4-FG-1,SL18-TI-4-FG1,SL18-TI-4-FG1,1_2_plates,1_2,TI,SNE,SL18-TI-4SL-TI-3-MG-1,SL18-TI-3-MG1,SL18-TI-3-MG1,1_2_plates,1_2,TI,SNE,SL18-TI-3SL-TI-4-FG-2,SL18-TI-4-FG2,SL18-TI-4-FG2,1_2_plates,1_2,TI,SNE,SL18-TI-4SL-TI-5-MG-3,SL18-TI-5-MG3,SL18-TI-5-MG3,1_2_plates,1_2,TI,SNE,SL18-TI-5