,Sample.ID,Name_InPheno,Name_InGeno,Chosen.Reason,Plate,Location,Region,Parent,OC_DwPM,BV_DwPM,BV_BD,Select,FG_Progeny_SP_Category,MG_Progeny_SP_Category,GP_itself_Category,GP_itself_Category191,SA-CB-9-FG-1,SA18-CB-9-FG1,SA18-CB-9-FG1,1_2_plates,1_2,CB,GOM,SA18-CB-9,0.038653788,0.188286433,-7.142841608,Top20_OC_DwPM,High_DWpM_Low_BD_BVs,NA,GP_highDWpM_lowBD,NA48,SL-OI-6-FG-2,SL18-OI-6-FG2,SL18-OI-6-FG2,Biomass,3,OI,GOM,SL18-OI-6,0.032401089,0.408099709,-3.708620023,Top20_OC_DwPM,High_DWpM_Low_BD_BVs,NA,GP_highDWpM_lowBD,NA233,SL-NL-6-FG-1,SL18-NL-6-FG1,SL18-NL-6-FG1,1_2_plates,1_2,NL,GOM,SL18-NL-6,0.031677397,0.100923848,215.9132191,Top20_OC_DwPM,High_BD_Low_DWpM_BVs,NA,NA,GP_lowDWpM_highBD62,SL-CC-12-FG-2,SL18-CC-12-FG2,SL18-CC-12-FG2,Diversity,3,CC,GOM,SL18-CC-12,0.031420163,0.344428801,72.76003702,Top20_OC_DwPM,NA,NA,NA,NA157,SA-CB-7-MG-2,SA18-CB-7-MG2,SA18-CB-7-MG2,1_2_plates,1_2,CB,GOM,SA18-CB-7,0.029825715,0.245628841,59.70154283,Top20_OC_DwPM,NA,NA,NA,NA84,SL-JS-6-MG-3,SL18-JS-6-MG3,SL18-JS-6-MG3,Biomass,3,JS,GOM,SL18-JS-6,0.021841037,0.292161925,-7.905244999,Top20_OC_DwPM,NA,High_DWpM_Low_BD_BVs,GP_highDWpM_lowBD,NA243,SL-OI-11-FG-3,SL18-OI-11-FG3,SL18-OI-11-FG3,1_2_plates,1_2,OI,GOM,SL18-OI-11,0.021834414,0.239969464,18.81872337,Top20_OC_DwPM,NA,NA,GP_highDWpM_lowBD,NA273,SL-SF-13-FG-2,SL18-SF-13-FG2,SL18-SF-13-FG2,1_2_plates,1_2,SF,GOM,SL18-SF-13,0.020439306,0.279082035,39.50699391,Top20_OC_DwPM,NA,NA,NA,NA22,SL-JS-6-MG-2,SL18-JS-6-MG2,SL18-JS-6-MG2,Diversity,3,JS,GOM,SL18-JS-6,0.019782724,0.269236924,-4.602750465,Top20_OC_DwPM,NA,High_DWpM_Low_BD_BVs,GP_highDWpM_lowBD,NA19,SA-CB-10-MG-3,SA18-CB-10-MG3,SA18-CB-10-MG3,Diversity,3,CB,GOM,SA18-CB-10,0.019433443,0.223006347,11.72140937,Top20_OC_DwPM,NA,NA,GP_highDWpM_lowBD,NA64,SA-CB-2-FG-3,SA18-CB-2-FG3,SA18-CB-2-FG3,Diversity,3,CB,GOM,SA18-CB-2,0.017231208,0.105250409,-18.58843599,Top20_OC_DwPM,High_DWpM_Low_BD_BVs,NA,NA,NA250,SL-OI-17-FG-4,SL18-OI-17-FG4,SL18-OI-17-FG4,1_2_plates,1_2,OI,GOM,SL18-OI-17,0.016350913,0.137086759,-1.701561397,Top20_OC_DwPM,High_DWpM_Low_BD_BVs,NA,NA,NA245,SL-OI-15-MG-2,SL18-OI-15-MG2,SL18-OI-15-MG2,1_2_plates,1_2,OI,GOM,SL18-OI-15,0.015218875,0.205622787,62.65888342,Top20_OC_DwPM,NA,NA,NA,NA96,SA-CB-1-MG-2,SA18-CB-1-MG2,SA18-CB-1-MG2,1_2_plates,1_2,CB,GOM,SA18-CB-1,0.014209687,0.062339008,29.4598066,Top20_OC_DwPM,NA,NA,NA,NA226,SL-NL-2-FG-1,SL18-NL-2-FG1,SL18-NL-2-FG1,1_2_plates,1_2,NL,GOM,SL18-NL-2,0.014162015,0.00584272,6.233774513,Top20_OC_DwPM,High_BD_Low_DWpM_BVs,NA,NA,NA170,SL-LD-1-FG-2,SL18-LD-1-FG2,SL18-LD-1-FG2,1_2_plates,1_2,LD,GOM,SL18-LD-1,0.013758505,-0.026032225,-10.83133925,Top20_OC_DwPM,NA,NA,NA,NA117,SA-CB-3-MG-3,SA18-CB-3-MG3,SA18-CB-3-MG3,1_2_plates,1_2,CB,GOM,SA18-CB-3,0.012213093,0.155804832,69.2829719,Top20_OC_DwPM,NA,NA,NA,NA14,SL-CC-7-MG-1,SL18-CC-7-MG1,SL18-CC-7-MG1,Biomass,3,CC,GOM,SL18-CC-7,0.012099855,0.125840368,20.16967735,Top20_OC_DwPM,NA,NA,NA,NA57,SL-CC-3-FG-2,SL18-CC-3-FG2,SL18-CC-3-FG2,Diversity,3,CC,GOM,SL18-CC-3,0.012062599,0.173578227,12.67376274,Top20_OC_DwPM,High_DWpM_Low_BD_BVs,NA,GP_highDWpM_lowBD,NA100,SL-LD-3-FG-2,SL18-LD-3-FG2,SL18-LD-3-FG2,1_2_plates,1_2,LD,GOM,SL18-LD-3,0.011589167,-0.053575196,-11.46495298,Top20_OC_DwPM,NA,NA,NA,NA143,SL-LL-9-MG-4,SL18-LL-9-MG4,SL18-LL-9-MG4,1_2_plates,1_2,LL,GOM,SL18-LL-9,0.01067403,0.051599076,44.20637512,,NA,NA,NA,NA179,SL-CC-1-MG-3,SL18-CC-1-MG3,SL18-CC-1-MG3,1_2_plates,1_2,CC,GOM,SL18-CC-1,0.010471063,0.102124606,-7.517050599,,NA,High_DWpM_Low_BD_BVs,NA,NA272,SL-SF-17-FG-2,SL18-SF-17-FG2,SL18-SF-17-FG2,1_2_plates,1_2,SF,GOM,SL18-SF-17,0.010242654,0.099560853,6.771576945,,High_DWpM_Low_BD_BVs,NA,NA,NA131,SL-LD-10-FG-1,SL18-LD-10-FG1,SL18-LD-10-FG1,1_2_plates,1_2,LD,GOM,SL18-LD-10,0.01009873,-0.02753197,-36.96560505,,NA,NA,NA,NA59,SL-CC-5-FG-2,SL18-CC-5-FG2,SL18-CC-5-FG2,Diversity,3,CC,GOM,SL18-CC-5,0.009854686,0.176052854,4.747023823,GP_highDWpM_lowBD,High_DWpM_Low_BD_BVs,NA,GP_highDWpM_lowBD,NA25,SL-JS-19-MG-1,SL18-JS-19-MG1,SL18-JS-19-MG1,Diversity,3,JS,GOM,SL18-JS-19,0.009708546,-0.002158229,-44.08503256,,NA,High_DWpM_Low_BD_BVs,NA,NA27,SL-NC-2-MG-1,SL18-NC-2-MG1,SL18-NC-2-MG1,Diversity,3,NC,GOM,SL18-NC-2,0.009475809,0.144908729,19.70016588,,NA,NA,NA,NA146,SA-CB-5-FG-1,SA18-CB-5-FG1,SA18-CB-5-FG1,1_2_plates,1_2,CB,GOM,SA18-CB-5,0.009321614,-0.000344131,-25.56618199,,High_DWpM_Low_BD_BVs,NA,NA,NA17,SA-CB-4-MG-2,SA18-CB-4-MG2,SA18-CB-4-MG2,Diversity,3,CB,GOM,SA18-CB-4,0.009297438,0.133436836,-23.56774348,,NA,High_DWpM_Low_BD_BVs,NA,NA256,SL-OI-4-FG-3,SL18-OI-4-FG3,SL18-OI-4-FG3,1_2_plates,1_2,OI,GOM,SL18-OI-4,0.009113672,0.04660365,29.43265072,,NA,NA,NA,NA154,SA-CB-5-FG-5,SA18-CB-5-FG5,SA18-CB-5-FG5,1_2_plates,1_2,CB,GOM,SA18-CB-5,0.008993848,0.002983482,-26.69944401,,NA,NA,NA,NA119,SL-LD-2-MG-2,SL18-LD-2-MG2,SL18-LD-2-MG2,1_2_plates,1_2,LD,GOM,SL18-LD-2,0.008467585,0.048147286,-45.81453398,,NA,High_DWpM_Low_BD_BVs,NA,NA65,SA-CB-4-FG-6,SA18-CB-4-FG6,SA18-CB-4-FG6,Diversity,3,CB,GOM,SA18-CB-4,0.008127853,0.127031642,-39.04684816,ProgSP_highDWpM_lowBD,High_DWpM_Low_BD_BVs,NA,NA,NA60,SL-CC-5-FG-3,SL18-CC-5-FG3,SL18-CC-5-FG3,Diversity,3,CC,GOM,SL18-CC-5,0.008082163,0.110644511,-23.52556013,ProgSP_highDWpM_lowBD,High_DWpM_Low_BD_BVs,NA,NA,NA135,SL-LD-9-MG-1,SL18-LD-9-MG1,SL18-LD-9-MG1,1_2_plates,1_2,LD,GOM,SL18-LD-9,0.007336542,-0.012709327,-64.15668752,,NA,NA,NA,NA58,SL-CC-3-FG-3,SL18-CC-3-FG3,SL18-CC-3-FG3,Diversity,3,CC,GOM,SL18-CC-3,0.006796404,0.129700567,-11.03993678,ProgSP_highDWpM_lowBD,High_DWpM_Low_BD_BVs,NA,NA,NA230,SL-NL-3-FG-3,SL18-NL-3-FG3,SL18-NL-3-FG3,1_2_plates,1_2,NL,GOM,SL18-NL-3,0.006422806,0.025498589,-25.89446209,,NA,NA,NA,NA242,SL-OD-6-MG-1,SL18-OD-6-MG1,SL18-OD-6-MG1,1_2_plates,1_2,OD,GOM,SL18-OD-6,0.006293042,0.107679042,2.961048006,,NA,NA,NA,NA140,SL-LD-9-FG-3,SL18-LD-9-FG3,SL18-LD-9-FG3,1_2_plates,1_2,LD,GOM,SL18-LD-9,0.006197999,-0.034112292,-59.30354468,,NA,NA,NA,NA46,SL-OD-6-MG-3,SL18-OD-6-MG3,SL18-OD-6-MG3,Diversity,3,OD,GOM,SL18-OD-6,0.006030157,0.090840008,-13.83456606,,NA,High_DWpM_Low_BD_BVs,NA,NA251,SL-OI-18-FG-1,SL18-OI-18-FG1,SL18-OI-18-FG1,1_2_plates,1_2,OI,GOM,SL18-OI-18,0.005964121,-0.003490054,-41.60411875,,NA,NA,NA,NA18,SA-CB-7-MG-3,SA18-CB-7-MG3,SA18-CB-7-MG3,Diversity,3,CB,GOM,SA18-CB-7,0.005523743,0.256937445,16.4253758,GP_highDWpM_lowBD,NA,NA,GP_highDWpM_lowBD,NA5,SL-OI-14-MG-1,SL18-OI-14-MG1,SL18-OI-14-MG1,Diversity,3,OI,GOM,SL18-OI-14,0.005339536,0.091077873,-44.69920489,,NA,High_DWpM_Low_BD_BVs,NA,NA116,SL-LD-4-FG-3,SL18-LD-4-FG3,SL18-LD-4-FG3,1_2_plates,1_2,LD,GOM,SL18-LD-4,0.005281309,-0.05347421,-54.71083251,,NA,NA,NA,NA271,SL-SF-15-MG-1,SL18-SF-15-MG1,SL18-SF-15-MG1,1_2_plates,1_2,SF,GOM,SL18-SF-15,0.005260291,0.101846257,59.20133611,,NA,High_DWpM_Low_BD_BVs,NA,NA106,SL-SF-17-MG-2,SL18-SF-17-MG2,SL18-SF-17-MG2,1_2_plates,1_2,SF,GOM,SL18-SF-17,0.005175908,0.069795282,64.63122242,,NA,NA,NA,NA16,SA-CB-3-MG-1,SA18-CB-3-MG1,SA18-CB-3-MG1,Biomass,3,CB,GOM,SA18-CB-3,0.004891968,0.114884679,0.472039427,,NA,NA,NA,NA21,SL-JS-6-MG-1,SL18-JS-6-MG1,SL18-JS-6-MG1,Diversity,3,JS,GOM,SL18-JS-6,0.0045373,0.145106488,-20.22452536,,NA,High_DWpM_Low_BD_BVs,NA,NA188,SL-LD-13-MG-3,SL18-LD-13-MG3,SL18-LD-13-MG3,1_2_plates,1_2,LD,GOM,SL18-LD-13,0.004458093,-0.020788221,9.951501182,,NA,NA,NA,NA1,SL-SF-13-MG-1,SL18-SF-13-MG1,SL18-SF-13-MG1,Biomass,3,SF,GOM,SL18-SF-13,0.003994273,0.177450794,59.57505942,,NA,NA,NA,NA110,SL-CC-7-MG-2,SL18-CC-7-MG2,SL18-CC-7-MG2,1_2_plates,1_2,CC,GOM,SL18-CC-7,0.003897098,0.090608114,9.32136699,,NA,NA,NA,NA101,SA-CB-10-MG-1,SA18-CB-10-MG1,SA18-CB-10-MG1,1_2_plates,1_2,CB,GOM,SA18-CB-10,0.003717792,0.197475549,-5.224794067,GP_highDWpM_lowBD,NA,High_DWpM_Low_BD_BVs,GP_highDWpM_lowBD,NA161,SL-OI-14-MG-2,SL18-OI-14-MG2,SL18-OI-14-MG2,1_2_plates,1_2,OI,GOM,SL18-OI-14,0.003716202,0.07447608,-52.82846107,,NA,NA,NA,NA83,SL-JS-5-MG-3,SL18-JS-5-MG3,SL18-JS-5-MG3,Biomass,3,JS,GOM,SL18-JS-5,0.003392543,-0.033309759,-31.36992838,,NA,High_DWpM_Low_BD_BVs,NA,NA269,SL-SF-13-MG-11,SL18-SF-13-MG11,SL18-SF-13-MG11,1_2_plates,1_2,SF,GOM,SL18-SF-13,0.003267937,0.17603204,51.38548823,,NA,NA,NA,NA171,SL-NL-9-FG-2,SL18-NL-9-FG2,SL18-NL-9-FG2,1_2_plates,1_2,NL,GOM,SL18-NL-9,0.002878131,-0.077082091,54.80156441,ProgSP_lowDWpM_highBD,High_BD_Low_DWpM_BVs,NA,NA,NA225,SL-NC-11-FG-3,SL18-NC-11-FG3,SL18-NC-11-FG3,1_2_plates,1_2,NC,GOM,SL18-NC-11,0.002735034,-0.11165205,-13.13216204,,NA,NA,NA,NA168,SL-OI-15-MG-1,SL18-OI-15-MG1,SL18-OI-15-MG1,1_2_plates,1_2,OI,GOM,SL18-OI-15,0.00257079,0.128871359,86.00492658,,NA,NA,NA,NA239,SL-NL-6-MG-2,SL18-NL-6-MG2,SL18-NL-6-MG2,1_2_plates,1_2,NL,GOM,SL18-NL-6,0.002550875,0.003508455,78.04422095,GP_lowDWpM_highBD,NA,NA,NA,GP_lowDWpM_highBD183,SL-SF-15-MG-2,SL18-SF-15-MG2,SL18-SF-15-MG2,1_2_plates,1_2,SF,GOM,SL18-SF-15,0.002364503,0.105145495,38.72871713,,NA,High_DWpM_Low_BD_BVs,NA,NA56,SL-CC-3-FG-1,SL18-CC-3-FG1,SL18-CC-3-FG1,Diversity,3,CC,GOM,SL18-CC-3,0.002270037,0.101387603,4.107326798,ProgSP_highDWpM_lowBD,High_DWpM_Low_BD_BVs,NA,NA,NA216,SL-LL-9-FG-2,SL18-LL-9-FG2,SL18-LL-9-FG2,1_2_plates,1_2,LL,GOM,SL18-LL-9,0.002141617,-0.177952542,-24.84184863,,NA,NA,NA,NA224,SL-NC-10-MG-1,SL18-NC-10-MG1,SL18-NC-10-MG1,1_2_plates,1_2,NC,GOM,SL18-NC-10,0.001871497,-0.141161219,-7.462107367,,NA,NA,NA,NA130,SL-SF-19-MG-2,SL18-SF-19-MG2,SL18-SF-19-MG2,1_2_plates,1_2,SF,GOM,SL18-SF-19,0.001823974,0.0451729,88.05266782,GP_lowDWpM_highBD,NA,High_BD_Low_DWpM_BVs,NA,GP_lowDWpM_highBD155,SL-LD-10-FG-3,SL18-LD-10-FG3,SL18-LD-10-FG3,1_2_plates,1_2,LD,GOM,SL18-LD-10,0.001820329,-0.040309719,-17.99077661,,NA,NA,NA,NA102,SL-CC-6-MG-2,SL18-CC-6-MG2,SL18-CC-6-MG2,1_2_plates,1_2,CC,GOM,SL18-CC-6,0.001759704,0.003175472,-29.17909732,,NA,NA,NA,NA264,SL-OI-9-MG-3,SL18-OI-9-MG3,SL18-OI-9-MG3,1_2_plates,1_2,OI,GOM,SL18-OI-9,0.001629669,0.047457819,33.2668434,,NA,NA,NA,NA236,SL-NL-7-MG-2,SL18-NL-7-MG2,SL18-NL-7-MG2,1_2_plates,1_2,NL,GOM,SL18-NL-7,0.001525149,-0.075674048,-40.86602141,,NA,NA,NA,NA28,SL-NC-9-MG-2,SL18-NC-9-MG2,SL18-NC-9-MG2,Diversity,3,NC,GOM,SL18-NC-9,0.001336723,-0.064229688,-13.69729007,,NA,High_DWpM_Low_BD_BVs,NA,NA212,SL-LD-13-FG-1,SL18-LD-13-FG1,SL18-LD-13-FG1,1_2_plates,1_2,LD,GOM,SL18-LD-13,0.001139032,-0.06345702,2.694773494,,NA,NA,NA,NA244,SL-OI-15-FG-1,SL18-OI-15-FG1,SL18-OI-15-FG1,1_2_plates,1_2,OI,GOM,SL18-OI-15,0.001101737,0.045436744,52.05113553,ProgSP_lowDWpM_highBD,High_BD_Low_DWpM_BVs,NA,NA,NA174,SL-LD-13-MG-2,SL18-LD-13-MG2,SL18-LD-13-MG2,1_2_plates,1_2,LD,GOM,SL18-LD-13,0.001068333,-0.054861196,50.70825932,,NA,High_BD_Low_DWpM_BVs,NA,NA237,SL-NL-9-MG-3,SL18-NL-9-MG3,SL18-NL-9-MG3,1_2_plates,1_2,NL,GOM,SL18-NL-9,0.0009724,-0.078695108,-17.38804763,,NA,NA,NA,NA98,SL-SF-17-MG-1,SL18-SF-17-MG1,SL18-SF-17-MG1,1_2_plates,1_2,SF,GOM,SL18-SF-17,0.00072076,0.045373106,-34.57872686,,NA,NA,NA,NA156,SL-NL-10-FG-2,SL18-NL-10-FG2,SL18-NL-10-FG2,1_2_plates,1_2,NL,GOM,SL18-NL-10,0.000619516,-0.073956945,14.7101148,,NA,NA,NA,NA79,SL-NL-10-FG-1,SL18-NL-10-FG1,SL18-NL-10-FG1,Diversity,3,NL,GOM,SL18-NL-10,0.000574649,-0.052485657,64.15120203,,NA,NA,NA,NA77,SL-NL-7-FG-3,SL18-NL-7-FG3,SL18-NL-7-FG3,Diversity,3,NL,GOM,SL18-NL-7,0.00044063,-0.108621753,-37.2938625,,NA,NA,NA,NA263,SL-OI-9-FG-1,SL18-OI-9-FG1,SL18-OI-9-FG1,1_2_plates,1_2,OI,GOM,SL18-OI-9,0.000390236,-0.020042724,11.80916471,,NA,NA,NA,NA218,SL-LL-9-FG-1,SL18-LL-9-FG1,SL18-LL-9-FG1,1_2_plates,1_2,LL,GOM,SL18-LL-9,0.000373795,-0.081588202,-18.98347703,,NA,NA,NA,NA43,SL-OD-3-MG-3,SL18-OD-3-MG3,SL18-OD-3-MG3,Diversity,3,OD,GOM,SL18-OD-3,2.32162E-05,-0.092642476,-13.71947593,,NA,NA,NA,NA261,SL-OI-7-FG-1,SL18-OI-7-FG1,SL18-OI-7-FG1,1_2_plates,1_2,OI,GOM,SL18-OI-7,1.99776E-05,0.048748119,37.79428077,,NA,NA,NA,NA166,SL-NC-15-MG-1,SL18-NC-15-MG1,SL18-NC-15-MG1,1_2_plates,1_2,NC,GOM,SL18-NC-15,1.09835E-05,-0.029117826,72.76877746,GP_lowDWpM_highBD,NA,NA,NA,GP_lowDWpM_highBD153,SL-OI-11-MG-2,SL18-OI-11-MG2,SL18-OI-11-MG2,1_2_plates,1_2,OI,GOM,SL18-OI-11,1.0785E-05,-0.012997691,24.41853487,,NA,NA,NA,NA214,SL-LD-9-FG-1,SL18-LD-9-FG1,SL18-LD-9-FG1,1_2_plates,1_2,LD,GOM,SL18-LD-9,5.08797E-06,0.011649058,-2.937419045,,NA,NA,NA,NA114,SL-SF-17-MG-3,SL18-SF-17-MG3,SL18-SF-17-MG3,1_2_plates,1_2,SF,GOM,SL18-SF-17,4.82999E-06,0.019936482,-6.371174152,,NA,NA,NA,NA232,SL-NL-5-MG-2,SL18-NL-5-MG2,SL18-NL-5-MG2,1_2_plates,1_2,NL,GOM,SL18-NL-5,4.08087E-06,-0.029051383,6.221073368,,NA,NA,NA,NA181,SL-NL-10-MG-2,SL18-NL-10-MG2,SL18-NL-10-MG2,1_2_plates,1_2,NL,GOM,SL18-NL-10,3.11697E-06,-0.087778368,10.23145173,,NA,High_BD_Low_DWpM_BVs,NA,NA160,SL-CC-9-MG-4,SL18-CC-9-MG4,SL18-CC-9-MG4,1_2_plates,1_2,CC,GOM,SL18-CC-9,2.93575E-06,-0.021060837,0.189995724,,NA,NA,NA,NA210,SL-JS-5-MG-1,SL18-JS-5-MG1,SL18-JS-5-MG1,1_2_plates,1_2,JS,GOM,SL18-JS-5,2.87853E-06,-0.091243613,-31.07890876,,NA,NA,NA,NA228,SL-NL-2-MG-3,SL18-NL-2-MG3,SL18-NL-2-MG3,1_2_plates,1_2,NL,GOM,SL18-NL-2,1.78128E-06,-0.057856422,-27.63492035,,NA,NA,NA,NA47,SL-OD-10-MG-3,SL18-OD-10-MG3,SL18-OD-10-MG3,Diversity,3,OD,GOM,SL18-OD-10,1.76706E-06,-0.028549531,-9.315301738,,NA,NA,NA,NA104,SA-CB-2-MG-1,SA18-CB-2-MG1,SA18-CB-2-MG1,1_2_plates,1_2,CB,GOM,SA18-CB-2,1.12071E-06,0.010518873,-9.553312516,,NA,NA,NA,NA13,SL-CC-6-MG-11,SL18-CC-6-MG11,SL18-CC-6-MG11,Biomass,3,CC,GOM,SL18-CC-6,9.54369E-07,-0.058401488,-26.17900541,,NA,NA,NA,NA139,SL-LD-10-FG-2,SL18-LD-10-FG2,SL18-LD-10-FG2,1_2_plates,1_2,LD,GOM,SL18-LD-10,9.17939E-07,-0.038292775,-3.67719602,,NA,NA,NA,NA215,SL-LD-3-MG-2,SL18-LD-3-MG2,SL18-LD-3-MG2,1_2_plates,1_2,LD,GOM,SL18-LD-3,7.82072E-07,-0.028310678,-13.68698929,,NA,High_BD_Low_DWpM_BVs,NA,NA240,SL-OD-3-MG-1,SL18-OD-3-MG1,SL18-OD-3-MG1,1_2_plates,1_2,OD,GOM,SL18-OD-3,7.5582E-07,-0.085002668,-18.34123272,,NA,NA,NA,NA150,SL-JS-16-MG-2,SL18-JS-16-MG2,SL18-JS-16-MG2,1_2_plates,1_2,JS,GOM,SL18-JS-16,6.79867E-07,-0.115669903,-26.25221764,,NA,NA,NA,NA30,SL-NC-12-MG-1,SL18-NC-12-MG1,SL18-NC-12-MG1,Biomass,3,NC,GOM,SL18-NC-12,6.35006E-07,-0.075012929,-13.06279118,,NA,NA,NA,NA222,SL-NC-8-FG-1,SL18-NC-8-FG1,SL18-NC-8-FG1,1_2_plates,1_2,NC,GOM,SL18-NC-8,5.75306E-07,-0.141197967,-40.82931748,,NA,NA,NA,NA112,SA-CB-2-MG-2,SA18-CB-2-MG2,SA18-CB-2-MG2,1_2_plates,1_2,CB,GOM,SA18-CB-2,5.26437E-07,0.031645747,-22.48395484,,NA,NA,NA,NA85,SL-CC-1-FG-1,SL18-CC-1-FG1,SL18-CC-1-FG1,Biomass,3,CC,GOM,SL18-CC-1,5.24134E-07,0.003901982,57.60515712,ProgSP_lowDWpM_highBD,High_BD_Low_DWpM_BVs,NA,NA,NA105,SL-LL-9-MG-3,SL18-LL-9-MG3,SL18-LL-9-MG3,1_2_plates,1_2,LL,GOM,SL18-LL-9,4.96743E-07,-0.023805485,-85.78420551,,NA,High_DWpM_Low_BD_BVs,NA,NA198,SL-CC-5-FG-1,SL18-CC-5-FG1,SL18-CC-5-FG1,1_2_plates,1_2,CC,GOM,SL18-CC-5,4.93735E-07,0.082145712,-22.55572555,,NA,NA,NA,NA173,SL-NC-15-MG-4,SL18-NC-15-MG4,SL18-NC-15-MG4,1_2_plates,1_2,NC,GOM,SL18-NC-15,4.73917E-07,-0.017798008,65.19323234,GP_lowDWpM_highBD,NA,NA,NA,GP_lowDWpM_highBD266,SA-CB-10-FG-1,SA18-CB-10-FG1,SA18-CB-10-FG1,1_2_plates,1_2,CB,GOM,SA18-CB-10,4.72346E-07,0.159372209,15.26883489,,NA,NA,NA,NA87,SL-NL-7-MG-1,SL18-NL-7-MG1,SL18-NL-7-MG1,Biomass,3,NL,GOM,SL18-NL-7,4.53085E-07,-0.110342582,-69.24892041,,NA,NA,NA,NA137,SL-NL-2-MG-2,SL18-NL-2-MG2,SL18-NL-2-MG2,1_2_plates,1_2,NL,GOM,SL18-NL-2,4.49002E-07,-0.08765311,4.635280435,,NA,NA,NA,NA15,SA-CB-1-MG-13,SA18-CB-1-MG13,SA18-CB-1-MG13,Biomass,3,CB,GOM,SA18-CB-1,4.21569E-07,0.117639312,-10.70220003,,NA,High_DWpM_Low_BD_BVs,NA,NA189,SL-NL-2-MG-1,SL18-NL-2-MG1,SL18-NL-2-MG1,1_2_plates,1_2,NL,GOM,SL18-NL-2,4.18814E-07,-0.107075982,-3.511172481,,NA,High_BD_Low_DWpM_BVs,NA,NA75,SL-NL-5-FG-1,SL18-NL-5-FG1,SL18-NL-5-FG1,Diversity,3,NL,GOM,SL18-NL-5,3.67398E-07,-0.079229063,-22.83221551,,NA,NA,NA,NA32,SL-NL-5-MG-1,SL18-NL-5-MG1,SL18-NL-5-MG1,Biomass,3,NL,GOM,SL18-NL-5,3.63591E-07,-0.085179635,-29.40728243,,NA,High_BD_Low_DWpM_BVs,NA,NA44,SL-OD-5-MG-2,SL18-OD-5-MG2,SL18-OD-5-MG2,Diversity,3,OD,GOM,SL18-OD-5,3.2374E-07,-0.087267025,-7.011011905,,NA,NA,NA,NA247,SL-OI-16-FG-3,SL18-OI-16-FG3,SL18-OI-16-FG3,1_2_plates,1_2,OI,GOM,SL18-OI-16,3.00615E-07,-0.047468213,40.36044605,ProgSP_lowDWpM_highBD,High_BD_Low_DWpM_BVs,NA,NA,NA274,SL-OD-10-FG-2,SL18-OD-10-FG2,SL18-OD-10-FG2,1_2_plates,1_2,OD,GOM,SL18-OD-10,2.87606E-07,0.163221979,27.54944,,NA,NA,NA,NA192,SA-CB-7-FG-1,SA18-CB-7-FG1,SA18-CB-7-FG1,1_2_plates,1_2,CB,GOM,SA18-CB-7,2.67367E-07,0.149647174,0.112943631,,High_DWpM_Low_BD_BVs,NA,NA,NA127,SL-LD-9-MG-2,SL18-LD-9-MG2,SL18-LD-9-MG2,1_2_plates,1_2,LD,GOM,SL18-LD-9,2.62211E-07,-0.067289573,-57.6473566,,NA,NA,NA,NA124,SL-LD-5-FG-2,SL18-LD-5-FG2,SL18-LD-5-FG2,1_2_plates,1_2,LD,GOM,SL18-LD-5,2.60698E-07,-0.083716697,-27.50753534,,NA,NA,NA,NA163,SL-LD-1-FG-1,SL18-LD-1-FG1,SL18-LD-1-FG1,1_2_plates,1_2,LD,GOM,SL18-LD-1,2.31112E-07,-0.094086844,-16.15567739,,NA,NA,NA,NA24,SL-JS-11-MG-3,SL18-JS-11-MG3,SL18-JS-11-MG3,Diversity,3,JS,GOM,SL18-JS-11,2.27193E-07,-0.108144996,1.636676266,,NA,NA,NA,NA111,SL-LD-2-MG-1,SL18-LD-2-MG1,SL18-LD-2-MG1,1_2_plates,1_2,LD,GOM,SL18-LD-2,2.17683E-07,-0.040517756,-56.22328164,,NA,NA,NA,NA200,SL-CC-9-FG-1,SL18-CC-9-FG1,SL18-CC-9-FG1,1_2_plates,1_2,CC,GOM,SL18-CC-9,2.14274E-07,0.032395602,2.405389045,,NA,NA,NA,NA227,SL-NL-2-FG-3,SL18-NL-2-FG3,SL18-NL-2-FG3,1_2_plates,1_2,NL,GOM,SL18-NL-2,1.95521E-07,-0.139292429,-80.59452543,,NA,NA,NA,NA249,SL-OI-17-FG-1,SL18-OI-17-FG1,SL18-OI-17-FG1,1_2_plates,1_2,OI,GOM,SL18-OI-17,1.90034E-07,-0.011165867,-5.480585242,,NA,NA,NA,NA45,SL-OD-6-MG-2,SL18-OD-6-MG2,SL18-OD-6-MG2,Diversity,3,OD,GOM,SL18-OD-6,1.85646E-07,0.032004503,-1.228826289,,NA,NA,NA,NA6,SL-OI-16-MG-2,SL18-OI-16-MG2,SL18-OI-16-MG2,Diversity,3,OI,GOM,SL18-OI-16,1.84439E-07,-0.072866498,20.75978193,,NA,NA,NA,NA213,SL-LD-2-FG-3,SL18-LD-2-FG3,SL18-LD-2-FG3,1_2_plates,1_2,LD,GOM,SL18-LD-2,1.83976E-07,-0.038246735,-58.232165,,NA,NA,NA,NA108,SL-LD-3-FG-3,SL18-LD-3-FG3,SL18-LD-3-FG3,1_2_plates,1_2,LD,GOM,SL18-LD-3,1.81596E-07,-0.077117934,-39.10298695,,NA,NA,NA,NA78,SL-NL-7-FG-4,SL18-NL-7-FG4,SL18-NL-7-FG4,Diversity,3,NL,GOM,SL18-NL-7,1.8102E-07,-0.124283615,-37.36748066,,NA,NA,NA,NA31,SL-NL-3-MG-1,SL18-NL-3-MG1,SL18-NL-3-MG1,Diversity,3,NL,GOM,SL18-NL-3,1.80005E-07,-0.092707756,-21.7489351,,NA,NA,NA,NA223,SL-NC-8-FG-2,SL18-NC-8-FG2,SL18-NC-8-FG2,1_2_plates,1_2,NC,GOM,SL18-NC-8,1.77389E-07,-0.147939715,-28.69772157,,NA,NA,NA,NA246,SL-OI-16-FG-1,SL18-OI-16-FG1,SL18-OI-16-FG1,1_2_plates,1_2,OI,GOM,SL18-OI-16,1.65508E-07,-0.084136755,3.197034665,,NA,NA,NA,NA167,SL-LD-2-MG-3,SL18-LD-2-MG3,SL18-LD-2-MG3,1_2_plates,1_2,LD,GOM,SL18-LD-2,1.6216E-07,-0.040400997,-70.14556679,,NA,NA,NA,NA241,SL-OD-5-MG-1,SL18-OD-5-MG1,SL18-OD-5-MG1,1_2_plates,1_2,OD,GOM,SL18-OD-5,1.59408E-07,-0.072419933,-6.929282239,,NA,NA,NA,NA145,SL-OD-3-MG-2,SL18-OD-3-MG2,SL18-OD-3-MG2,1_2_plates,1_2,OD,GOM,SL18-OD-3,1.59109E-07,-0.048205725,-9.730985997,,NA,NA,NA,NA115,SL-JS-11-FG-4,SL18-JS-11-FG4,SL18-JS-11-FG4,1_2_plates,1_2,JS,GOM,SL18-JS-11,1.51894E-07,-0.111092068,7.153879377,,NA,NA,NA,NA66,SL-JS-6-FG-3,SL18-JS-6-FG3,SL18-JS-6-FG3,Diversity,3,JS,GOM,SL18-JS-6,1.50429E-07,0.100805805,-25.14625078,,NA,NA,NA,NA132,SL-LD-9-FG-2,SL18-LD-9-FG2,SL18-LD-9-FG2,1_2_plates,1_2,LD,GOM,SL18-LD-9,1.47673E-07,-0.051269489,-96.90103607,,NA,NA,NA,NA234,SL-NL-6-FG-3,SL18-NL-6-FG3,SL18-NL-6-FG3,1_2_plates,1_2,NL,GOM,SL18-NL-6,1.45689E-07,0.008403314,64.52853385,,NA,NA,NA,NA63,SL-CC-12-FG-3,SL18-CC-12-FG3,SL18-CC-12-FG3,Diversity,3,CC,GOM,SL18-CC-12,1.40802E-07,0.131054203,45.36756293,,NA,NA,NA,NA235,SL-NL-6-MG-1,SL18-NL-6-MG1,SL18-NL-6-MG1,1_2_plates,1_2,NL,GOM,SL18-NL-6,1.35385E-07,-0.019871337,45.50242894,,NA,High_BD_Low_DWpM_BVs,NA,NA270,SA-CB-5-FG-3,SA18-CB-5-FG3,SA18-CB-5-FG3,1_2_plates,1_2,CB,GOM,SA18-CB-5,1.32987E-07,0.013677466,-56.32540472,,NA,NA,NA,NA219,SL-NC-12-FG-2,SL18-NC-12-FG2,SL18-NC-12-FG2,1_2_plates,1_2,NC,GOM,SL18-NC-12,1.29116E-07,-0.158438442,-15.87899832,,NA,NA,NA,NA220,SL-NC-1-FG-3,SL18-NC-1-FG3,SL18-NC-1-FG3,1_2_plates,1_2,NC,GOM,SL18-NC-1,1.28902E-07,-0.119736141,-19.54906054,,NA,NA,NA,NA252,SL-OI-18-FG-2,SL18-OI-18-FG2,SL18-OI-18-FG2,1_2_plates,1_2,OI,GOM,SL18-OI-18,1.17655E-07,-0.023502757,-61.5548286,,High_DWpM_Low_BD_BVs,NA,NA,NA74,SL-NL-2-FG-2,SL18-NL-2-FG2,SL18-NL-2-FG2,Diversity,3,NL,GOM,SL18-NL-2,1.17651E-07,-0.097231476,-17.16865861,,NA,NA,NA,NA211,SL-LD-13-FG-2,SL18-LD-13-FG2,SL18-LD-13-FG2,1_2_plates,1_2,LD,GOM,SL18-LD-13,1.17555E-07,-0.133543646,13.19935853,ProgSP_lowDWpM_highBD,High_BD_Low_DWpM_BVs,NA,NA,NA248,SL-OI-16-MG-1,SL18-OI-16-MG1,SL18-OI-16-MG1,1_2_plates,1_2,OI,GOM,SL18-OI-16,1.0522E-07,-0.083783204,30.9591171,,NA,High_BD_Low_DWpM_BVs,NA,NA260,SL-OI-6-MG-2,SL18-OI-6-MG2,SL18-OI-6-MG2,1_2_plates,1_2,OI,GOM,SL18-OI-6,1.0161E-07,0.154369361,-18.65096825,,NA,High_DWpM_Low_BD_BVs,NA,NA109,SA-CB-3-MG-2,SA18-CB-3-MG2,SA18-CB-3-MG2,1_2_plates,1_2,CB,GOM,SA18-CB-3,1.0075E-07,-0.005098718,8.641456844,,NA,NA,NA,NA184,SL-CC-2-FG-1,SL18-CC-2-FG1,SL18-CC-2-FG1,1_2_plates,1_2,CC,GOM,SL18-CC-2,9.49746E-08,0.077653688,7.036302836,,NA,NA,NA,NA20,SL-JS-5-MG-2,SL18-JS-5-MG2,SL18-JS-5-MG2,Diversity,3,JS,GOM,SL18-JS-5,9.49685E-08,-0.132851275,-33.71903053,,NA,NA,NA,NA190,SA-CB-2-MG-3,SA18-CB-2-MG3,SA18-CB-2-MG3,1_2_plates,1_2,CB,GOM,SA18-CB-2,9.35218E-08,0.045593878,-37.78841759,,NA,NA,NA,NA7,SL-OI-17-MG-1,SL18-OI-17-MG1,SL18-OI-17-MG1,Diversity,3,OI,GOM,SL18-OI-17,9.23516E-08,0.013395148,1.359653526,,NA,NA,NA,NA147,SA-CB-7-FG-3,SA18-CB-7-FG3,SA18-CB-7-FG3,1_2_plates,1_2,CB,GOM,SA18-CB-7,9.22786E-08,0.184471371,7.937209403,GP_highDWpM_lowBD,NA,NA,GP_highDWpM_lowBD,NA208,SL-JS-16-FG-1,SL18-JS-16-FG1,SL18-JS-16-FG1,1_2_plates,1_2,JS,GOM,SL18-JS-16,9.1673E-08,-0.175327469,-26.05430451,,NA,NA,NA,NA149,SA-CB-7-MG-1,SA18-CB-7-MG1,SA18-CB-7-MG1,1_2_plates,1_2,CB,GOM,SA18-CB-7,8.80315E-08,0.148671751,-4.303341439,,NA,High_DWpM_Low_BD_BVs,NA,NA159,SL-NC-11-MG-3,SL18-NC-11-MG3,SL18-NC-11-MG3,1_2_plates,1_2,NC,GOM,SL18-NC-11,8.50945E-08,-0.083064404,-12.27677464,,NA,NA,NA,NA262,SL-OI-7-MG-1,SL18-OI-7-MG1,SL18-OI-7-MG1,1_2_plates,1_2,OI,GOM,SL18-OI-7,8.50794E-08,0.056849657,105.6476353,,NA,High_BD_Low_DWpM_BVs,NA,GP_lowDWpM_highBD151,SL-NC-10-MG-3,SL18-NC-10-MG3,SL18-NC-10-MG3,1_2_plates,1_2,NC,GOM,SL18-NC-10,8.19001E-08,-0.140689373,-13.28551188,,NA,NA,NA,NA76,SL-NL-6-FG-2,SL18-NL-6-FG2,SL18-NL-6-FG2,Diversity,3,NL,GOM,SL18-NL-6,8.12657E-08,-0.019063173,74.37029608,,NA,NA,NA,GP_lowDWpM_highBD4,SL-OI-11-MG-4,SL18-OI-11-MG4,SL18-OI-11-MG4,Diversity,3,OI,GOM,SL18-OI-11,8.05358E-08,-0.025233476,-37.78443674,,NA,NA,NA,NA254,SL-OI-2-FG-2,SL18-OI-2-FG2,SL18-OI-2-FG2,1_2_plates,1_2,OI,GOM,SL18-OI-2,8.02583E-08,-0.029289048,-60.63718266,,NA,NA,NA,NA185,SL-LD-3-FG-1,SL18-LD-3-FG1,SL18-LD-3-FG1,1_2_plates,1_2,LD,GOM,SL18-LD-3,7.64717E-08,-0.061025718,-58.61259793,,High_BD_Low_DWpM_BVs,NA,NA,NA177,SL-LD-2-FG-2,SL18-LD-2-FG2,SL18-LD-2-FG2,1_2_plates,1_2,LD,GOM,SL18-LD-2,7.61067E-08,-0.068579119,-104.0868202,,NA,NA,NA,NA12,SL-CC-4-MG-11,SL18-CC-4-MG11,SL18-CC-4-MG11,Diversity,3,CC,GOM,SL18-CC-4,7.61048E-08,-0.055672603,-25.12844033,,NA,High_BD_Low_DWpM_BVs,NA,NA26,SL-NC-1-MG-1,SL18-NC-1-MG1,SL18-NC-1-MG1,Biomass,3,NC,GOM,SL18-NC-1,7.59025E-08,-0.116152668,-9.416211994,,NA,NA,NA,NA238,SL-NL-9-MG-1,SL18-NL-9-MG1,SL18-NL-9-MG1,1_2_plates,1_2,NL,GOM,SL18-NL-9,7.52835E-08,-0.134027098,-59.20467643,,NA,NA,NA,NA82,SL-OD-5-FG-1,SL18-OD-5-FG1,SL18-OD-5-FG1,Diversity,3,OD,GOM,SL18-OD-5,7.49105E-08,-0.159090158,-10.370693,,NA,NA,NA,NA253,SL-OI-18-MG-1,SL18-OI-18-MG1,SL18-OI-18-MG1,1_2_plates,1_2,OI,GOM,SL18-OI-18,7.47656E-08,-0.069328801,-70.67005639,,NA,NA,NA,NA255,SL-OI-2-FG-3,SL18-OI-2-FG3,SL18-OI-2-FG3,1_2_plates,1_2,OI,GOM,SL18-OI-2,7.02833E-08,-0.056655984,-27.96387315,,NA,NA,NA,NA180,SL-LD-1-MG-3,SL18-LD-1-MG3,SL18-LD-1-MG3,1_2_plates,1_2,LD,GOM,SL18-LD-1,6.5137E-08,-0.067042489,-37.46233343,,NA,NA,NA,NA187,SL-CC-3-MG-1,SL18-CC-3-MG1,SL18-CC-3-MG1,1_2_plates,1_2,CC,GOM,SL18-CC-3,6.37813E-08,0.008187879,-24.85171526,,NA,NA,NA,NA125,SA-CB-4-MG-1,SA18-CB-4-MG1,SA18-CB-4-MG1,1_2_plates,1_2,CB,GOM,SA18-CB-4,6.04941E-08,-0.049779109,-66.25762466,,NA,NA,NA,NA29,SL-NC-11-MG-2,SL18-NC-11-MG2,SL18-NC-11-MG2,Biomass,3,NC,GOM,SL18-NC-11,6.01514E-08,-0.106336852,-6.310533302,,NA,NA,NA,NA2,SL-OI-2-MG-2,SL18-OI-2-MG2,SL18-OI-2-MG2,Diversity,3,OI,GOM,SL18-OI-2,5.98942E-08,-0.098820241,14.43809738,,NA,NA,NA,NA165,SL-JS-9-MG-1,SL18-JS-9-MG1,SL18-JS-9-MG1,1_2_plates,1_2,JS,GOM,SL18-JS-9,5.87887E-08,-0.203480704,-32.47509376,,NA,NA,NA,NA86,SA-CB-1-MG-12,SA18-CB-1-MG12,SA18-CB-1-MG12,Biomass,3,CB,GOM,SA18-CB-1,5.8379E-08,-0.021916481,-15.12520727,,NA,NA,NA,NA186,SL-SF-18-FG-1,SL18-SF-18-FG1,SL18-SF-18-FG1,1_2_plates,1_2,SF,GOM,SL18-SF-18,5.74383E-08,-0.054638406,0.692511226,,NA,NA,NA,NA133,SA-CB-4-MG-3,SA18-CB-4-MG3,SA18-CB-4-MG3,1_2_plates,1_2,CB,GOM,SA18-CB-4,5.74274E-08,0.001716002,-48.98803509,,NA,NA,NA,NA231,SL-NL-3-MG-2,SL18-NL-3-MG2,SL18-NL-3-MG2,1_2_plates,1_2,NL,GOM,SL18-NL-3,5.73448E-08,-0.101895104,-41.23890469,,NA,NA,NA,NA122,SL-SF-19-MG-1,SL18-SF-19-MG1,SL18-SF-19-MG1,1_2_plates,1_2,SF,GOM,SL18-SF-19,5.55589E-08,-0.074885111,51.00169941,,NA,High_BD_Low_DWpM_BVs,NA,NA138,SA-CB-4-FG-3,SA18-CB-4-FG3,SA18-CB-4-FG3,1_2_plates,1_2,CB,GOM,SA18-CB-4,5.54995E-08,0.047647246,-51.39766416,,NA,NA,NA,NA197,SL-CC-1-FG-2,SL18-CC-1-FG2,SL18-CC-1-FG2,1_2_plates,1_2,CC,GOM,SL18-CC-1,5.48494E-08,-0.077145687,-5.751895251,,High_BD_Low_DWpM_BVs,NA,NA,NA103,SL-LD-1-MG-1,SL18-LD-1-MG1,SL18-LD-1-MG1,1_2_plates,1_2,LD,GOM,SL18-LD-1,5.2819E-08,-0.083843297,-39.40899411,,NA,NA,NA,NA142,SL-JS-11-MG-2,SL18-JS-11-MG2,SL18-JS-11-MG2,1_2_plates,1_2,JS,GOM,SL18-JS-11,5.16913E-08,-0.212819642,5.375099839,,NA,NA,NA,NA69,SL-JS-16-FG-3,SL18-JS-16-FG3,SL18-JS-16-FG3,Diversity,3,JS,GOM,SL18-JS-16,4.9178E-08,-0.218880366,-52.99099717,,NA,NA,NA,NA67,SL-JS-9-FG-2,SL18-JS-9-FG2,SL18-JS-9-FG2,Biomass,3,JS,GOM,SL18-JS-9,4.81359E-08,-0.181759967,-25.93226042,,NA,NA,NA,NA175,SL-SF-13-MG-3,SL18-SF-13-MG3,SL18-SF-13-MG3,1_2_plates,1_2,SF,GOM,SL18-SF-13,4.75293E-08,-0.045321429,0.618561963,,NA,NA,NA,NA158,SL-JS-19-MG-2,SL18-JS-19-MG2,SL18-JS-19-MG2,1_2_plates,1_2,JS,GOM,SL18-JS-19,4.58581E-08,-0.200326473,-53.4982107,,NA,NA,NA,NA71,SL-NC-10-FG-1,SL18-NC-10-FG1,SL18-NC-10-FG1,Biomass,3,NC,GOM,SL18-NC-10,4.54395E-08,-0.232028857,-26.6636408,Bottom20_OC_DwPM,NA,NA,NA,NA229,SL-NL-3-FG-1,SL18-NL-3-FG1,SL18-NL-3-FG1,1_2_plates,1_2,NL,GOM,SL18-NL-3,4.33999E-08,-0.177269316,-52.72330528,Bottom20_OC_DwPM,NA,NA,NA,NA152,SL-CC-8-MG-3,SL18-CC-8-MG3,SL18-CC-8-MG3,1_2_plates,1_2,CC,GOM,SL18-CC-8,4.27434E-08,-0.060453253,-10.77538635,Bottom20_OC_DwPM,NA,NA,NA,NA73,SL-NC-15-FG-3,SL18-NC-15-FG3,SL18-NC-15-FG3,Diversity,3,NC,GOM,SL18-NC-15,4.22934E-08,-0.098220978,32.37359579,Bottom20_OC_DwPM,NA,NA,NA,NA72,SL-NC-10-FG-3,SL18-NC-10-FG3,SL18-NC-10-FG3,Diversity,3,NC,GOM,SL18-NC-10,4.12746E-08,-0.237205604,-16.59624995,Bottom20_OC_DwPM,NA,NA,NA,NA199,SL-CC-6-FG-3,SL18-CC-6-FG3,SL18-CC-6-FG3,1_2_plates,1_2,CC,GOM,SL18-CC-6,3.96597E-08,-0.165300406,-53.30290127,Bottom20_OC_DwPM,NA,NA,NA,NA258,SL-OI-5-MG-2,SL18-OI-5-MG2,SL18-OI-5-MG2,1_2_plates,1_2,OI,GOM,SL18-OI-5,3.75992E-08,-0.096607582,-15.2827627,Bottom20_OC_DwPM,NA,NA,NA,NA257,SL-OI-4-MG-1,SL18-OI-4-MG1,SL18-OI-4-MG1,1_2_plates,1_2,OI,GOM,SL18-OI-4,3.67322E-08,-0.066909581,11.41500534,Bottom20_OC_DwPM,NA,NA,NA,NA70,SL-JS-19-FG-3,SL18-JS-19-FG3,SL18-JS-19-FG3,Biomass,3,JS,GOM,SL18-JS-19,3.67105E-08,-0.189276701,-69.84551453,Bottom20_OC_DwPM,NA,NA,NA,NA23,SL-JS-9-MG-2,SL18-JS-9-MG2,SL18-JS-9-MG2,Diversity,3,JS,GOM,SL18-JS-9,3.53468E-08,-0.231827738,-35.04729659,Bottom20_OC_DwPM,NA,NA,NA,NA148,SL-LL-9-FG-3,SL18-LL-9-FG3,SL18-LL-9-FG3,1_2_plates,1_2,LL,GOM,SL18-LL-9,3.51849E-08,-0.125799853,-10.12681277,Bottom20_OC_DwPM,NA,NA,NA,NA178,SL-SF-13-FG-1,SL18-SF-13-FG1,SL18-SF-13-FG1,1_2_plates,1_2,SF,GOM,SL18-SF-13,3.44104E-08,-0.045991553,-23.66002389,Bottom20_OC_DwPM,High_DWpM_Low_BD_BVs,NA,NA,NA141,SA-CB-5-MG-3,SA18-CB-5-MG3,SA18-CB-5-MG3,1_2_plates,1_2,CB,GOM,SA18-CB-5,3.00336E-08,-0.074903237,-77.03378072,Bottom20_OC_DwPM,NA,NA,NA,NA123,SL-JS-19-FG-2,SL18-JS-19-FG2,SL18-JS-19-FG2,1_2_plates,1_2,JS,GOM,SL18-JS-19,3.00315E-08,-0.209093293,-72.4179917,Bottom20_OC_DwPM,NA,NA,NA,NA209,SL-JS-5-FG-1,SL18-JS-5-FG1,SL18-JS-5-FG1,1_2_plates,1_2,JS,GOM,SL18-JS-5,2.80986E-08,-0.249553746,-66.02032929,Bottom20_OC_DwPM,NA,NA,NA,NA221,SL-NC-5-FG-2,SL18-NC-5-FG2,SL18-NC-5-FG2,1_2_plates,1_2,NC,GOM,SL18-NC-5,2.7846E-08,-0.243724901,-40.47288182,Bottom20_OC_DwPM,NA,NA,NA,NA68,SL-JS-9-FG-3,SL18-JS-9-FG3,SL18-JS-9-FG3,Biomass,3,JS,GOM,SL18-JS-9,2.61156E-08,-0.272229035,-28.75905831,Bottom20_OC_DwPM,NA,NA,NA,NA259,SL-OI-6-FG-1,SL18-OI-6-FG1,SL18-OI-6-FG1,1_2_plates,1_2,OI,GOM,SL18-OI-6,2.36685E-08,0.005031997,-95.25591965,Bottom20_OC_DwPM,High_DWpM_Low_BD_BVs,NA,NA,NA3,SL-OI-4-MG-3,SL18-OI-4-MG3,SL18-OI-4-MG3,Biomass,3,OI,GOM,SL18-OI-4,2.24079E-08,-0.120186295,29.4053348,Bottom20_OC_DwPM,NA,High_BD_Low_DWpM_BVs,NA,NA61,SL-CC-8-FG-1,SL18-CC-8-FG1,SL18-CC-8-FG1,Diversity,3,CC,GOM,SL18-CC-8,1.78017E-08,-0.246138235,-52.53556224,Bottom20_OC_DwPM,High_BD_Low_DWpM_BVs,NA,NA,NA8,SL-FW-2-MG-2,SL18-FW-2-MG2,SL18-FW-2-MG2,Diversity,3,FW,SNE,SL18-FW-2,NA,0.069958388,35.29273503,,NA,NA,NA,NA9,SL-PI-1-MG-1,SL18-PI-1-MG1,SL18-PI-1-MG1,Diversity,3,PI,SNE,SL18-PI-1,NA,0.008303988,26.04497214,,NA,NA,NA,NA10,SL-PI-1-MG-2,SL18-PI-1-MG2,SL18-PI-1-MG2,Diversity,3,PI,SNE,SL18-PI-1,NA,0.029812379,23.51926326,,NA,NA,NA,NA11,SL-PI-1-MG-4,SL18-PI-1-MG4,SL18-PI-1-MG4,Diversity,3,PI,SNE,SL18-PI-1,NA,0.061430658,41.06495407,,NA,NA,NA,NA33,SL-TI-1-MG-2,SL18-TI-1-MG2,SL18-TI-1-MG2,Diversity,3,TI,SNE,SL18-TI-1,NA,0.057675654,24.78458564,,NA,NA,NA,NA34,SL-TI-2-MG-3,SL18-TI-2-MG3,SL18-TI-2-MG3,Diversity,3,TI,SNE,SL18-TI-2,NA,0.047184633,24.57037597,,NA,NA,NA,NA35,SL-TI-3-MG-11,SL18-TI-3-MG11,SL18-TI-3-MG11,Biomass,3,TI,SNE,SL18-TI-3,NA,0.034937107,15.55843209,,NA,NA,NA,NA36,SL-TI-4-MG-1,SL18-TI-4-MG1,SL18-TI-4-MG1,Biomass,3,TI,SNE,SL18-TI-4,NA,0.068588067,29.36915742,,NA,NA,NA,NA37,SL-TI-4-MG-3,SL18-TI-4-MG3,SL18-TI-4-MG3,Diversity,3,TI,SNE,SL18-TI-4,NA,0.037553845,26.89106007,,NA,NA,NA,NA38,SL-BL-10-MG-2,SL18-BL-10-MG2,SL18-BL-10-MG2,Diversity,3,BL,SNE,SL18-BL-10,NA,0.061622936,41.30606631,,NA,NA,NA,NA39,SL-BL-11-MG-4,SL18-BL-11-MG4,SL18-BL-11-MG4,Diversity,3,BL,SNE,SL18-BL-11,NA,0.060240723,22.65416496,,NA,NA,NA,NA40,SL-BL-12-MG-1,SL18-BL-12-MG1,SL18-BL-12-MG1,Biomass,3,BL,SNE,SL18-BL-12,NA,0.074245083,30.44365322,,NA,NA,NA,NA41,SL-BL-12-MG-3,SL18-BL-12-MG3,SL18-BL-12-MG3,Biomass,3,BL,SNE,SL18-BL-12,NA,0.072986345,29.71402817,,NA,NA,NA,NA42,SL-BL-17-MG-3,SL18-BL-17-MG3,SL18-BL-17-MG3,Biomass,3,BL,SNE,SL18-BL-17,NA,0.050625106,32.33701874,,NA,NA,NA,NA49,SL-FW-14-FG-2,SL18-FW-14-FG2,SL18-FW-14-FG2,Biomass,3,FW,SNE,SL18-FW-14,NA,0.053380095,19.79926571,,NA,NA,NA,NA50,SL-FW-14-FG-11,SL18-FW-14-FG11,SL18-FW-14-FG11,Diversity,3,FW,SNE,SL18-FW-14,NA,0.063272636,26.60230761,,NA,NA,NA,NA51,SL-FW-14-FG-12,SL18-FW-14-FG12,SL18-FW-14-FG12,Biomass,3,FW,SNE,SL18-FW-14,NA,0.056840753,20.11085176,,NA,NA,NA,NA52,SL-FI-1-FG-3,SL18-FI-1-FG3,SL18-FI-1-FG3,Diversity,3,FI,SNE,SL18-FI-1,NA,0.032322344,23.39777974,,NA,NA,NA,NA53,SL-FI-1-FG-13,SL18-FI-1-FG13,SL18-FI-1-FG13,Diversity,3,FI,SNE,SL18-FI-1,NA,0.045681318,26.04810213,,NA,NA,NA,NA54,SL-PI-1-FG-1,SL18-PI-1-FG1,SL18-PI-1-FG1,Diversity,3,PI,SNE,SL18-PI-1,NA,0.017871821,18.62878504,,NA,NA,NA,NA55,SL-PI-1-FG-3,SL18-PI-1-FG3,SL18-PI-1-FG3,Diversity,3,PI,SNE,SL18-PI-1,NA,0.017646299,19.65982356,,NA,NA,NA,NA80,SL-TI-4-FG-3,SL18-TI-4-FG3,SL18-TI-4-FG3,Diversity,3,TI,SNE,SL18-TI-4,NA,0.03237215,21.44081222,,NA,NA,NA,NA81,SL-BL-18-FG-10,SL18-BL-18-FG10,SL18-BL-18-FG10,Diversity,3,BL,SNE,SL18-BL-18,NA,0.0210729,19.38701142,,NA,NA,NA,NA88,LIS-F1-3,LIS-F1-3,3,Checks,3,Check,Check,Check,NA,NA,NA,,NA,NA,NA,NA89,SL-CT1-FG-3,SL18-CT1-FG3,SL18-CT1-FG3,Checks,3,Check,Check,Check,NA,NA,NA,,NA,NA,NA,NA90,SL-CT1-MG-2,SL18-CT1-MG2,SL18-CT1-MG2,Checks,3,Check,Check,Check,NA,NA,NA,,NA,NA,NA,NA91,SL-CT1-MG-3,SL18-CT1-MG3,SL18-CT1-MG3,Checks,3,Check,Check,Check,NA,NA,NA,,NA,NA,NA,NA92,SL-OI-15-Female,SL18-OI-15-FG,SL18-OI-15-Female,Checks,3,Check,Check,SL18-OI-15,NA,NA,NA,,NA,NA,NA,NA93,SL-ME-1-FG-1,SL18-ME-1-FG1,SL18-ME-1-FG1,Checks,3,Check,Check,Check,NA,NA,NA,GOM_checks,NA,NA,NA,NA94,SL-ME-1-MG-1,SL18-ME-1-MG1,SL18-ME-1-MG1,Checks,3,Check,Check,Check,NA,NA,NA,GOM_checks,NA,NA,NA,NA95,SL-ME-1-MG-2,SL18-ME-1-MG2,SL18-ME-1-MG2,Checks,3,Check,Check,Check,NA,NA,NA,GOM_checks,NA,NA,NA,NA97,SL-FW-21-MG-1,SL18-FW-21-MG1,SL18-FW-21-MG1,1_2_plates,1_2,FW,SNE,SL18-FW-21,NA,0.039315394,21.38525925,,NA,NA,NA,NA99,SL-FI-2-FG-11,SL18-FI-2-FG11,SL18-FI-2-FG11,1_2_plates,1_2,FI,SNE,SL18-FI-2,NA,0.039588127,16.08292699,,NA,NA,NA,NA107,SL-FI-2-FG-12,SL18-FI-2-FG12,SL18-FI-2-FG12,1_2_plates,1_2,FI,SNE,SL18-FI-2,NA,0.030931459,16.91891249,,NA,NA,NA,NA113,SL-FI-1-MG-2,SL18-FI-1-MG2,SL18-FI-1-MG2,1_2_plates,1_2,FI,SNE,SL18-FI-1,NA,0.068313591,33.07148361,,NA,NA,NA,NA118,SL-FW-12-MG-10,SL18-FW-12-MG10,SL18-FW-12-MG10,1_2_plates,1_2,FW,SNE,SL18-FW-12,NA,0.029591383,13.4949458,,NA,NA,NA,NA120,SL-BL-14-MG-1,SL18-BL-14-MG1,SL18-BL-14-MG1,1_2_plates,1_2,BL,SNE,SL18-BL-14,NA,0.047822194,16.53367032,,NA,NA,NA,NA121,SL-FI-1-MG-10,SL18-FI-1-MG10,SL18-FI-1-MG10,1_2_plates,1_2,FI,SNE,SL18-FI-1,NA,0.064050182,29.64196499,,NA,NA,NA,NA126,SL-FW-21-MG-2,SL18-FW-21-MG2,SL18-FW-21-MG2,1_2_plates,1_2,FW,SNE,SL18-FW-21,NA,0.067581938,34.71426588,,NA,NA,NA,NA128,SL-BL-16-MG-2,SL18-BL-16-MG2,SL18-BL-16-MG2,1_2_plates,1_2,BL,SNE,SL18-BL-16,NA,0.08713424,30.07794859,,NA,NA,NA,NA129,SL-FI-2-MG-1,SL18-FI-2-MG1,SL18-FI-2-MG1,1_2_plates,1_2,FI,SNE,SL18-FI-2,NA,0.052624269,25.7696124,,NA,NA,NA,NA134,SL-FW-12-MG-2,SL18-FW-12-MG2,SL18-FW-12-MG2,1_2_plates,1_2,FW,SNE,SL18-FW-12,NA,0.067183348,34.47265697,,NA,NA,NA,NA136,SL-BL-17-MG-2,SL18-BL-17-MG2,SL18-BL-17-MG2,1_2_plates,1_2,BL,SNE,SL18-BL-17,NA,0.076304747,37.51588896,,NA,NA,NA,NA144,SL-BL-18-MG-3,SL18-BL-18-MG3,SL18-BL-18-MG3,1_2_plates,1_2,BL,SNE,SL18-BL-18,NA,0.041832235,33.66641886,,NA,NA,NA,NA162,SL-BL-10-FG-2,SL18-BL-10-FG2,SL18-BL-10-FG2,1_2_plates,1_2,BL,SNE,SL18-BL-10,NA,0.029926345,19.35565731,,NA,NA,NA,NA164,SL-BL-10-MG-1,SL18-BL-10-MG1,SL18-BL-10-MG1,1_2_plates,1_2,BL,SNE,SL18-BL-10,NA,0.025047341,28.71463123,,NA,NA,NA,NA169,SL-BL-15-FG-1,SL18-BL-15-FG1,SL18-BL-15-FG1,1_2_plates,1_2,BL,SNE,SL18-BL-15,NA,0.045043763,28.77259514,,NA,NA,NA,NA172,SL-BL-12-MG-2,SL18-BL-12-MG2,SL18-BL-12-MG2,1_2_plates,1_2,BL,SNE,SL18-BL-12,NA,0.07488165,30.31356684,,NA,NA,NA,NA176,SL-BL-16-FG-3,SL18-BL-16-FG3,SL18-BL-16-FG3,1_2_plates,1_2,BL,SNE,SL18-BL-16,NA,0.076112851,17.57048508,,NA,NA,NA,NA182,SL-FW-12-MG-11,SL18-FW-12-MG11,SL18-FW-12-MG11,1_2_plates,1_2,FW,SNE,SL18-FW-12,NA,-6.32678E-05,10.63536994,,NA,NA,NA,NA193,SL-BL-11-FG-1,SL18-BL-11-FG1,SL18-BL-11-FG1,1_2_plates,1_2,BL,SNE,SL18-BL-11,NA,0.06469126,32.1382096,,NA,NA,NA,NA194,SL-BL-13-MG-1,SL18-BL-13-MG1,SL18-BL-13-MG1,1_2_plates,1_2,BL,SNE,SL18-BL-13,NA,0.048908373,30.80198015,,NA,NA,NA,NA195,SL-BL-14-FG-3,SL18-BL-14-FG3,SL18-BL-14-FG3,1_2_plates,1_2,BL,SNE,SL18-BL-14,NA,0.055846205,32.4688126,,NA,NA,NA,NA196,SL-BL-17-FG-3,SL18-BL-17-FG3,SL18-BL-17-FG3,1_2_plates,1_2,BL,SNE,SL18-BL-17,NA,0.033952331,23.36302763,,NA,NA,NA,NA201,SL-FI-1-FG-10,SL18-FI-1-FG10,SL18-FI-1-FG10,1_2_plates,1_2,FI,SNE,SL18-FI-1,NA,0.0683781,37.07645521,,NA,NA,NA,NA202,SL-FI-1-FG-11,SL18-FI-1-FG11,SL18-FI-1-FG11,1_2_plates,1_2,FI,SNE,SL18-FI-1,NA,0.059862536,26.35895261,,NA,NA,NA,NA203,SL-FI-1-FG-12,SL18-FI-1-FG12,SL18-FI-1-FG12,1_2_plates,1_2,FI,SNE,SL18-FI-1,NA,0.045003759,27.28879137,,NA,NA,NA,NA204,SL-FI-2-FG-10,SL18-FI-2-FG10,SL18-FI-2-FG10,1_2_plates,1_2,FI,SNE,SL18-FI-2,NA,0.021671591,17.42791943,,NA,NA,NA,NA205,SL-FW-12-FG-10,SL18-FW-12-FG10,SL18-FW-12-FG10,1_2_plates,1_2,FW,SNE,SL18-FW-12,NA,0.031155396,19.11345705,,NA,NA,NA,NA206,SL-FW-14-FG-13,SL18-FW-14-FG13,SL18-FW-14-FG13,1_2_plates,1_2,FW,SNE,SL18-FW-14,NA,0.030502025,16.63491034,,NA,NA,NA,NA207,SL-FW-2-MG-1,SL18-FW-2-MG1,SL18-FW-2-MG1,1_2_plates,1_2,FW,SNE,SL18-FW-2,NA,0.058985456,29.92095679,,NA,NA,NA,NA217,SL-TI-3-MG-2,SL18-TI-3-MG2,SL18-TI-3-MG2,1_2_plates,1_2,TI,SNE,SL18-TI-3,NA,0.028326831,20.04327168,,NA,NA,NA,NA265,SL-PI-1-FG-10,SL18-PI-1-FG10,SL18-PI-1-FG10,1_2_plates,1_2,PI,SNE,SL18-PI-1,NA,0.041395452,34.50112667,,NA,NA,NA,NA267,SL-PI-1-MG-11,SL18-PI-1-MG11,SL18-PI-1-MG11,1_2_plates,1_2,PI,SNE,SL18-PI-1,NA,0.018053136,28.17799131,,NA,NA,NA,NA268,SL-PI-1-MG-3,SL18-PI-1-MG3,SL18-PI-1-MG3,1_2_plates,1_2,PI,SNE,SL18-PI-1,NA,0.050936735,26.39316426,,NA,NA,NA,NA275,SL-TI-4-FG-1,SL18-TI-4-FG1,SL18-TI-4-FG1,1_2_plates,1_2,TI,SNE,SL18-TI-4,NA,0.028877322,17.46765695,,NA,NA,NA,NA276,SL-TI-3-MG-1,SL18-TI-3-MG1,SL18-TI-3-MG1,1_2_plates,1_2,TI,SNE,SL18-TI-3,NA,0.033103319,20.06613351,,NA,NA,NA,NA277,SL-TI-4-FG-2,SL18-TI-4-FG2,SL18-TI-4-FG2,1_2_plates,1_2,TI,SNE,SL18-TI-4,NA,0.03323335,15.93442412,,NA,NA,NA,NA278,SL-TI-5-MG-3,SL18-TI-5-MG3,SL18-TI-5-MG3,1_2_plates,1_2,TI,SNE,SL18-TI-5,NA,0.056266682,17.06580762,,NA,NA,NA,NA